ts,x,y,longitude,latitude,motion_score,diary_label
2000-01-12 03:50:29+01:00,2854459.922556972,1923846.755938243,-6.963071972575869,38.92411716279805,4.521713585086033,trip
2000-01-12 03:50:39+01:00,2854472.586072476,1923838.653532964,-6.962910688579431,38.9240711667476,4.312266366293929,trip
2000-01-12 03:50:49+01:00,2854487.029776188,1923833.619270105,-6.962736412089934,38.92405577809556,4.175980368526038,trip
2000-01-12 03:50:59+01:00,2854500.367103919,1923835.1703134845,-6.9625897493752245,38.92409620003147,4.022004752940637,trip
2000-01-12 03:51:09+01:00,2854516.440840483,1923834.844448356,-6.9624079452477785,38.92412557130057,3.7917646280721207,trip
2000-01-12 03:51:19+01:00,2854552.999927511,1923738.3511349144,-6.961774142417996,38.92334859607272,3.725611039243769,stop
2000-01-12 03:51:29+01:00,2854573.0753404507,1923737.155994964,-6.961545265695215,38.92337833222577,4.800746075605855,stop
2000-01-12 03:51:39+01:00,2854588.245581548,1923742.9449743496,-6.9613877078270106,38.92345977398842,4.673893124627642,stop
2000-01-12 03:51:49+01:00,2854601.056154654,1923745.2510450836,-6.961248715987065,38.92350579069282,4.493401173865592,stop
2000-01-12 03:51:59+01:00,2854602.6107239644,1923744.663118423,-6.961229852870198,38.92350372793533,4.388815406380667,stop
2000-01-12 03:52:09+01:00,2854599.95958715,1923746.704101532,-6.961264410519077,38.92351639573082,4.137007342021338,stop
2000-01-12 03:52:19+01:00,2854597.30317738,1923750.637385927,-6.961303380997596,38.92354572812856,4.0011702397658935,stop
2000-01-12 03:52:29+01:00,2854598.230699987,1923752.5811190065,-6.961297405199409,38.92356471695779,3.708094351010782,stop
2000-01-12 03:52:39+01:00,2854597.632127359,1923756.685717344,-6.961313590515871,38.92359968657045,3.511578300820852,stop
2000-01-12 03:52:49+01:00,2854590.0622096686,1923768.8541748424,-6.9614268525007255,38.923691732755,3.116555794694832,stop
2000-01-12 03:52:59+01:00,2854585.080105677,1923775.27105617,-6.9614977335196295,38.92373828591261,2.8342182526313624,stop
2000-01-12 03:53:09+01:00,2854584.134134145,1923777.8902009304,-6.961514414598304,38.92375946867329,2.74308293413598,stop
2000-01-12 03:53:19+01:00,2854571.1224749247,1923784.5622324431,-6.961676327344256,38.92379216425651,2.787817339722616,stop
2000-01-12 03:53:29+01:00,2854570.292805765,1923786.6851124773,-6.961690556734872,38.92380920712649,1.8349110684804208,stop
2000-01-12 03:56:09+01:00,2854600.112531017,1923709.121600315,-6.961176226463525,38.92318552069479,1.7845940316060878,stop
2000-01-12 03:56:19+01:00,2854606.69011017,1923703.815632856,-6.961089930851374,38.92315195689781,1.949036523207726,stop
2000-01-12 03:57:09+01:00,2854605.04508448,1923709.683716477,-6.961121960006727,38.92320036770054,2.268740086967803,stop
2000-01-12 03:57:19+01:00,2854605.236677534,1923714.0804495448,-6.961129916843352,38.923239496585175,2.627245375089564,stop
2000-01-12 03:57:29+01:00,2854601.570004392,1923713.732310806,-6.961170416880683,38.923229074239536,2.7368231952229194,stop
2000-01-12 03:57:49+01:00,2854600.2782484777,1923713.9322799395,-6.961185427097711,38.92322824542483,2.32009415847688,stop
2000-01-12 03:58:19+01:00,2854603.93879846,1923705.944426663,-6.961125818642183,38.92316519763072,2.2159434013861947,stop
2000-01-12 03:58:49+01:00,2854600.29815095,1923709.6622907412,-6.961175379554645,38.92319065764112,2.194347256999025,stop
2000-01-12 03:59:09+01:00,2854614.1931798435,1923718.431437876,-6.961039041519476,38.92329580268497,2.0815632288826964,stop
2000-01-12 03:59:19+01:00,2854610.8778174114,1923724.6716917031,-6.961090741423743,38.92334414280997,1.5080849493296564,stop
2000-01-12 03:59:29+01:00,2854608.4245275296,1923727.3040084068,-6.96112443082509,38.92336241840696,1.399292403184237,stop
2000-01-12 03:59:39+01:00,2854596.7553661503,1923726.351097519,-6.961253678774722,38.92333061552558,1.3274989867790368,stop
2000-01-12 03:59:49+01:00,2854592.742147361,1923723.352370412,-6.961291984406016,38.92329614071083,1.17665335442478,stop
2000-01-12 03:59:59+01:00,2854593.12001904,1923723.517565824,-6.96128810814895,38.92329835436351,1.1862679945442038,stop
2000-01-12 04:00:09+01:00,2854596.2416200573,1923720.8964333015,-6.9612469166880855,38.92328151786619,1.121305066465417,stop
2000-01-12 04:00:19+01:00,2854600.5754852383,1923720.3999391133,-6.9611969583222,38.92328583546777,2.941751332778564,stop
2000-01-12 04:00:29+01:00,2854618.439411108,1923727.826385894,-6.961012825930143,38.92338710912571,3.709642588566169,stop
2000-01-12 04:00:39+01:00,2854621.681357968,1923742.1533441776,-6.961009268827151,38.92351986273436,4.00076655722723,stop
2000-01-12 04:00:49+01:00,2854612.359530824,1923735.4439353195,-6.961098833733593,38.92344204120029,4.40197485277565,stop
2000-01-12 04:00:59+01:00,2854608.913645349,1923732.836512111,-6.961131649326273,38.923412152606645,4.37782281027761,stop
2000-01-12 04:01:09+01:00,2854598.783756053,1923735.6420469796,-6.961252205768984,38.92341655705733,4.402640353533744,stop
2000-01-12 04:01:19+01:00,2854598.5994191226,1923734.431156452,-6.961251496369649,38.92340551679742,4.381491238742474,stop
2000-01-12 04:01:29+01:00,2854596.9527273867,1923728.4776189225,-6.961256347946972,38.923349750565926,4.389777028817823,stop
2000-01-12 04:01:39+01:00,2854585.384573254,1923726.715681584,-6.9613825968457785,38.92331102086743,4.220093257024828,stop
2000-01-12 04:01:49+01:00,2854591.336172751,1923729.8054193824,-6.961322666923482,38.92335018570164,4.275229034938798,stop
2000-01-12 04:02:19+01:00,2854601.457094628,1923729.646150808,-6.961208299526769,38.92336908258647,2.89668151213621,stop
2000-01-12 04:02:39+01:00,2854604.560960435,1923736.6379425507,-6.961189423020164,38.92343692080917,2.55559091349068,stop
2000-01-12 04:02:59+01:00,2854569.136743432,1923740.575008239,-6.96159749548577,38.9234005608553,1.2124724217386746,stop
2000-01-12 04:03:09+01:00,2854567.0204972206,1923741.7685551827,-6.961624078565503,38.92340683371078,1.2077445444056083,stop
2000-01-12 04:03:19+01:00,2854563.675385444,1923740.291981791,-6.961658360486105,38.92338711225812,1.1832055493441025,stop
2000-01-12 04:03:59+01:00,2854570.3001193856,1923734.540704193,-6.961570508683041,38.92334971938753,1.4779949229748028,stop
2000-01-12 04:04:09+01:00,2854572.9219788974,1923732.2017582457,-6.961535595340709,38.92333436729076,1.4561015039791627,stop
2000-01-12 04:04:29+01:00,2854601.297980625,1923726.6927776053,-6.9612032973223705,38.92334273793583,1.282633255499939,stop
2000-01-12 04:04:39+01:00,2854599.13634654,1923724.160843688,-6.961221820836081,38.92331609045246,1.4368977233234814,stop
2000-01-12 04:04:49+01:00,2854593.556503673,1923728.698505537,-6.961295110809196,38.92334488495278,1.4307278623714723,stop
2000-01-12 04:04:59+01:00,2854599.9203389813,1923727.6549130152,-6.961221028391709,38.92334845315403,1.3701411210597827,stop
2000-01-12 04:05:29+01:00,2854598.142925115,1923722.7001832293,-6.961229650267672,38.923301226341565,1.4122788055757778,stop
2000-01-12 04:05:39+01:00,2854595.7213125336,1923721.7754886316,-6.961254799701975,38.923288220590855,1.522463048946552,stop
2000-01-12 04:05:49+01:00,2854591.830511988,1923722.116925037,-6.961299410717807,38.92328342526375,1.449792784927774,stop
2000-01-12 04:06:49+01:00,2854601.0611569355,1923736.1399480165,-6.961227698805104,38.92342551259152,1.7888746262029869,stop
2000-01-12 04:06:59+01:00,2854598.7871271186,1923728.1779651495,-6.9612349960890745,38.92335078938342,1.7624053433602649,stop
2000-01-12 04:07:09+01:00,2854599.744678477,1923727.2290128605,-6.9612220271981045,38.92334434773133,2.019538257607306,stop
2000-01-12 04:07:19+01:00,2854606.611230341,1923730.0659965395,-6.961151209751046,38.92338312035088,1.961603097777919,stop
2000-01-12 04:10:49+01:00,2854600.6260749204,1923748.4466456568,-6.9612609121335325,38.92353308807713,1.5290648875962538,stop
2000-01-12 04:10:59+01:00,2854598.4735627263,1923747.6536136847,-6.961283333417962,38.92352178230379,1.9725145452107244,stop
2000-01-12 04:11:09+01:00,2854595.954859291,1923747.1736516152,-6.961310599690551,38.92351250083343,2.248931383409193,stop
2000-01-12 04:11:19+01:00,2854595.8574419534,1923746.5500473625,-6.961310262330146,38.9235068101572,2.5509327688260885,stop
2000-01-12 04:11:29+01:00,2854603.692160987,1923729.9929098864,-6.961183921712953,38.9233766213135,2.7972797833082708,stop
2000-01-12 04:11:39+01:00,2854605.1733767246,1923728.133423672,-6.961162959575469,38.92336320626338,3.511576096438753,stop
2000-01-12 04:12:09+01:00,2854608.46382648,1923744.6933805533,-6.961163993613655,38.92351573462346,4.0677926140991625,trip
2000-01-12 04:12:19+01:00,2854632.2710451344,1923758.4889031115,-6.960927568081282,38.92368505410509,4.139562224235696,trip
2000-01-12 04:12:29+01:00,2854647.431028361,1923764.9198508991,-6.960771601279661,38.92377213141378,4.218469700208645,trip
2000-01-12 04:12:39+01:00,2854660.5586493025,1923770.6018404355,-6.960636803616668,38.92384853221845,4.307732541758444,trip
2000-01-12 04:12:49+01:00,2854672.6877383194,1923783.9744254693,-6.960530945486967,38.92399070069808,4.469874457610013,trip
2000-01-12 04:12:59+01:00,2854682.0656556506,1923785.3918614811,-6.96042857329158,38.92402200058293,4.311552151596083,trip
2000-01-12 04:13:09+01:00,2854691.846110883,1923794.312867805,-6.960338928770358,38.92412023027279,4.298285138197099,trip
2000-01-12 04:13:19+01:00,2854703.780216656,1923804.4569675608,-6.960227838891703,38.92423355746197,4.324906119762135,trip
2000-01-12 04:13:29+01:00,2854707.9694789667,1923823.420401285,-6.960224276105376,38.924409068260566,4.304053680795963,trip
2000-01-12 04:13:39+01:00,2854715.459598956,1923839.050428198,-6.960175863605504,38.924561824975456,4.051049965234912,trip
2000-01-12 04:13:49+01:00,2854725.539098266,1923841.3978313887,-6.960067727116506,38.92460272663443,4.105123071311581,trip
2000-01-12 04:13:59+01:00,2854733.826399872,1923854.6895213455,-6.9600049552982695,38.92473647634783,3.926917732367942,trip
2000-01-12 04:14:09+01:00,2854745.580683804,1923853.1765572608,-6.959869072715271,38.92474671867872,3.8425347533395033,trip
2000-01-12 04:14:19+01:00,2854761.923312085,1923858.2173118745,-6.959696582808499,38.92482391562368,3.828191270040644,trip
2000-01-12 04:14:29+01:00,2854774.695140099,1923848.681976373,-6.959530783269407,38.92476550387829,3.8677691705546193,trip
2000-01-12 04:14:39+01:00,2854788.960398631,1923837.7453333733,-6.959344938237092,38.924697738445154,3.900746865844276,trip
2000-01-12 04:14:49+01:00,2854804.6025017286,1923840.9260724108,-6.9591760599751,38.92475713875325,3.912823743802204,trip
2000-01-12 04:14:59+01:00,2854819.470740537,1923851.3642880295,-6.959032593276705,38.92487894091644,3.933754620899545,trip
2000-01-12 04:15:09+01:00,2854827.07814574,1923876.230684824,-6.959004103981748,38.925113324771466,3.8437716567038542,trip
2000-01-12 04:15:19+01:00,2854839.006722671,1923892.190190396,-6.958906450509987,38.92527788570294,3.8044097451767183,trip
2000-01-12 04:15:29+01:00,2854849.3811822445,1923894.7117429825,-6.958795390339506,38.92532091214225,3.799087346945355,trip
2000-01-12 04:15:39+01:00,2854859.072803993,1923903.1181841097,-6.958705559081898,38.92541442771417,3.6727950802005727,trip
2000-01-12 04:15:49+01:00,2854876.435534621,1923904.9351489905,-6.958514159800087,38.92546525977915,3.6593590538623406,trip
2000-01-12 04:15:59+01:00,2854886.718757924,1923916.1093574497,-6.95842403080866,38.92558435160115,3.650688853355276,trip
2000-01-12 04:16:09+01:00,2854893.483174222,1923918.2223530083,-6.958352694798428,38.925616537452086,3.588460982501886,trip
2000-01-12 04:16:19+01:00,2854914.7152536497,1923875.2992833669,-6.958014794402943,38.925280870600936,3.824216951780726,trip
2000-01-12 04:16:25+01:00,2854915.3267245963,1923863.095663539,-6.9579798351733615,38.925174556104096,3.804125189633929,trip
2000-01-12 04:16:29+01:00,2854924.1965559693,1923882.9889701828,-6.957925682512789,38.92536764752596,3.734651995520269,trip
2000-01-12 04:16:39+01:00,2854935.7916848566,1923902.3306966587,-6.9578395622168605,38.92556134354432,3.5917341925082047,trip
2000-01-12 04:16:49+01:00,2854946.8802110003,1923916.897281064,-6.957748164053887,38.925711944011766,3.5454473457535447,trip
2000-01-12 04:16:59+01:00,2854954.235771248,1923921.57960013,-6.957676078832412,38.92576795623657,3.149801173237555,trip
2000-01-12 04:17:09+01:00,2854969.7544590137,1923928.250640316,-6.957516615407314,38.92585786344429,2.9958596005174463,trip
2000-01-12 04:17:19+01:00,2854990.152310584,1923890.9124530752,-6.957200961144931,38.92556973592086,2.763155994184421,trip
2000-01-12 04:18:09+01:00,2854993.193924508,1923888.3230082192,-6.95716074318803,38.92555301655511,3.0649257440149733,trip
2000-01-12 04:18:39+01:00,2854995.539762246,1923885.8800209924,-6.957128699592969,38.92553619254265,3.967211028356928,trip
2000-01-12 04:18:49+01:00,2855003.138721324,1923886.2736632416,-6.9570440077051305,38.92555489962834,4.275939320380707,trip
2000-01-12 04:18:59+01:00,2855014.323998616,1923885.2628732647,-6.956915687825096,38.92556842205892,4.367989345199253,trip
2000-01-12 04:19:09+01:00,2855025.204572602,1923883.3475996088,-6.956788719775075,38.92557336278578,4.261650767553232,trip
2000-01-12 04:19:19+01:00,2855037.5803429023,1923884.5503967537,-6.956652081146856,38.92560877876767,4.189132052109905,trip
2000-01-12 04:19:29+01:00,2855041.4937179685,1923894.1637129388,-6.95663011100443,38.92570134088004,4.056278351262763,trip
2000-01-12 04:19:39+01:00,2855046.3704796326,1923886.6584529525,-6.956557914492223,38.92564498186136,3.96147402342707,trip
2000-01-12 04:19:49+01:00,2855049.860391333,1923877.5774098688,-6.956497715684937,38.92557195563897,3.954103441745762,trip
2000-01-12 04:19:59+01:00,2855071.0432517184,1923852.6852523373,-6.956201851198872,38.925395076045945,3.7118240715276034,trip
2000-01-12 04:20:59+01:00,2855079.4060416548,1923853.000512157,-6.9561083749327866,38.92541462321184,1.790800806241441,trip
2000-01-12 04:21:19+01:00,2855082.6771330666,1923850.50836305,-6.956065796248832,38.92539922090447,1.891803699439874,trip
2000-01-12 04:21:29+01:00,2855088.1652471866,1923839.8336887052,-6.955979424517532,38.92531615756858,2.378433288962795,trip
2000-01-12 04:22:29+01:00,2855078.8675449346,1923833.782401373,-6.956070238978258,38.925244188509,2.5836891608854686,stop
2000-01-12 04:22:39+01:00,2855071.546973912,1923840.081687396,-6.956167188662818,38.92528502030184,2.6936680620199205,stop
2000-01-12 04:22:49+01:00,2855080.854155593,1923831.6699900636,-6.9560430026197375,38.92522955691008,2.655080749668123,stop
2000-01-12 04:22:59+01:00,2855080.371358946,1923825.909458954,-6.956035191824177,38.92517782552227,2.821895244684788,stop
2000-01-12 04:23:09+01:00,2855084.9824004434,1923809.099591333,-6.955944589323965,38.92503893850246,3.3830889045552937,stop
2000-01-12 04:23:19+01:00,2855085.765397117,1923798.0559763552,-6.955910369522675,38.92494318927547,3.446358576290117,stop
2000-01-12 04:23:29+01:00,2855084.219102697,1923794.035863249,-6.9559185413197,38.92490466239413,2.9499787394614216,stop
2000-01-12 04:23:39+01:00,2855086.256468115,1923790.3947972392,-6.9558872176064215,38.92487666159517,2.8308940933273954,stop
2000-01-12 04:23:49+01:00,2855083.778300754,1923790.6401865364,-6.9559156967269935,38.92487385490472,2.7940730541602936,stop
2000-01-12 04:24:39+01:00,2855083.252905628,1923792.96291082,-6.955926957080119,38.92489326986732,2.9856426185501515,stop
2000-01-12 04:24:59+01:00,2855089.3040858926,1923798.24735082,-6.955870948900014,38.92495197135867,3.46391559014682,stop
2000-01-12 04:25:09+01:00,2855094.081736126,1923802.2661710137,-6.955826375182461,38.9249969662131,3.341502701008767,trip
2000-01-12 04:25:19+01:00,2855108.3462416376,1923805.2723039845,-6.955672609523547,38.92505205946663,3.387339994687194,trip
2000-01-12 04:25:29+01:00,2855120.9966855203,1923811.704811746,-6.955544905311388,38.92513411025024,3.4095997288280424,trip
2000-01-12 04:25:39+01:00,2855135.121085405,1923813.486404353,-6.955389901022784,38.9251781311448,3.3511742778965985,trip
2000-01-12 04:25:59+01:00,2855149.9571074164,1923820.1262941456,-6.955238054121353,38.92526639134447,3.0888817701772915,trip
2000-01-12 04:26:09+01:00,2855150.8986273864,1923819.4713442328,-6.955225942204822,38.925262507568455,3.0529053785496427,trip
2000-01-12 04:26:19+01:00,2855162.820905084,1923821.1485482936,-6.955095502859367,38.92530119265111,2.8928104863075137,trip
2000-01-12 04:26:29+01:00,2855178.696150498,1923825.9420844596,-6.954927702803217,38.92537526548762,2.838245379352482,trip
2000-01-12 04:26:39+01:00,2855187.0376870693,1923827.601704564,-6.95483755748452,38.925406615698,2.6978204540677906,trip
2000-01-12 04:26:49+01:00,2855193.85222464,1923832.0033553373,-6.95477091901095,38.92545906772713,2.567492410606432,trip
2000-01-12 04:27:59+01:00,2855205.4206410698,1923837.291491497,-6.954652769612025,38.92552886331116,1.6570768493323174,trip
2000-01-12 04:28:09+01:00,2855205.4211563063,1923837.2927844436,-6.954652766781744,38.92552887573805,1.9320404614118245,trip
2000-01-12 04:29:19+01:00,2855210.344971995,1923839.448664624,-6.954602261067074,38.92555774632199,2.576733020271136,stop
2000-01-12 04:29:39+01:00,2855210.174118256,1923834.8601010493,-6.954593632772993,38.92551696796804,2.3597264370466204,stop
2000-01-12 04:29:49+01:00,2855213.6241157725,1923833.465524501,-6.954551563349686,38.92551159581839,2.469935661438383,trip
2000-01-12 04:29:59+01:00,2855218.898480344,1923833.828038651,-6.954492984490512,38.92552536551948,2.614788967786052,trip
2000-01-12 04:30:39+01:00,2855233.3397483444,1923836.5030040853,-6.954336463973376,38.925577892734005,2.24345833550398,trip
2000-01-12 04:30:49+01:00,2855239.6743337307,1923836.9013203515,-6.954266024584187,38.92559410352027,2.169198563227948,trip
2000-01-12 04:30:59+01:00,2855249.051252843,1923839.692087224,-6.954166817091605,38.92563749703901,2.2241492898319715,trip
2000-01-12 04:31:09+01:00,2855258.9405611544,1923842.5716626493,-6.954062041940984,38.92568270038088,2.3570837629945527,trip
2000-01-12 04:31:19+01:00,2855262.283332018,1923843.7950948267,-6.954027201080439,38.92570018372928,2.2715371012847645,trip
2000-01-12 04:31:59+01:00,2855280.2749745096,1923846.6890677083,-6.953831190467464,38.92576175839788,1.7439723642375484,trip
2000-01-12 04:32:19+01:00,2855285.753942658,1923848.8860345432,-6.9537745252559136,38.92579210366278,1.7208866120597035,trip
2000-01-12 04:32:39+01:00,2855292.518955044,1923851.773051419,-6.953704960306053,38.925831108239656,1.94924462459376,trip
2000-01-12 04:33:09+01:00,2855310.732006474,1923856.3071441655,-6.953510226785114,38.92590757943329,1.796985565235537,trip
2000-01-12 04:33:29+01:00,2855316.8793085497,1923859.2768178275,-6.953447809865528,38.92594607378719,1.7614902800279455,trip
2000-01-12 04:33:39+01:00,2855320.250820897,1923859.8329631072,-6.953411110424186,38.92595773418928,1.6998012596911507,trip
2000-01-12 04:34:09+01:00,2855341.3578456584,1923869.5753782263,-6.953195754413314,38.92608590425664,1.5937210448167207,trip
2000-01-12 04:34:49+01:00,2855352.057044478,1923880.7420131536,-6.953100912344923,38.92620575860527,0.8573629049177762,stop
2000-01-12 04:36:39+01:00,2855365.252590204,1923886.721107568,-6.95296602019421,38.92628490324556,3.3217536951111875,stop
2000-01-12 04:36:49+01:00,2855373.234745826,1923880.6207275733,-6.952862076040881,38.9262471473973,3.40292859665197,stop
2000-01-12 04:36:59+01:00,2855376.793045614,1923880.083116621,-6.952820757047649,38.926249543498976,3.570628611023944,stop
2000-01-12 04:37:09+01:00,2855379.6645314004,1923877.472949823,-6.9527824086276375,38.92623229858248,3.6422365288590415,stop
2000-01-12 04:37:19+01:00,2855378.6311633354,1923876.14177832,-6.952790987879959,38.92621849614257,3.661056431194316,stop
2000-01-12 04:37:29+01:00,2855379.919580353,1923876.432123829,-6.952777142113464,38.926223637788766,3.891287158514912,stop
2000-01-12 04:37:39+01:00,2855383.393701809,1923877.354129253,-6.952740127914937,38.92623872773556,3.883578865084658,stop
2000-01-12 04:37:49+01:00,2855398.358742204,1923874.226676796,-6.952564361353365,38.9262411692601,3.9744014995084,trip
2000-01-12 04:37:59+01:00,2855409.696807825,1923874.9931686807,-6.95243840551351,38.92627065406567,3.868789089212195,trip
2000-01-12 04:38:09+01:00,2855418.5010051145,1923872.2109571255,-6.952332832088337,38.92626378649806,3.473125842531477,trip
2000-01-12 04:38:19+01:00,2855432.701993302,1923875.9365594108,-6.952181431080464,38.92632508714646,3.344238385984365,trip
2000-01-12 04:38:29+01:00,2855448.806856612,1923883.0428680384,-6.952016357431981,38.92641999630148,3.417249602549756,trip
2000-01-12 04:38:39+01:00,2855464.4501086343,1923883.81413002,-6.951841915754198,38.92645815302492,3.389676520370635,trip
2000-01-12 04:38:49+01:00,2855477.437747569,1923883.3872068548,-6.951694633186332,38.92648042694022,3.4249090340928667,trip
2000-01-12 04:38:59+01:00,2855483.8787287227,1923879.477755061,-6.951613088239512,38.926458887437626,3.3232085003725205,trip
2000-01-12 04:39:09+01:00,2855492.244412241,1923875.6412388987,-6.951510030015199,38.92644184896383,3.3813867449859063,trip
2000-01-12 04:39:19+01:00,2855496.143419896,1923870.8120814024,-6.951455004743538,38.92640710874266,3.357883062624163,trip
2000-01-12 04:39:29+01:00,2855499.6191774523,1923859.7759264195,-6.951390474686268,38.926316821579086,3.43925834929726,trip
2000-01-12 04:39:39+01:00,2855511.5965482187,1923846.897554593,-6.951225941586078,38.926227342576766,3.680812753770068,trip
2000-01-12 04:39:49+01:00,2855518.493268724,1923835.574561495,-6.9511222168004725,38.926141385181936,3.766100436006487,trip
2000-01-12 04:39:59+01:00,2855526.118335793,1923824.391428616,-6.951010609391052,38.92605812019672,3.918781149041969,trip
2000-01-12 04:40:09+01:00,2855532.21692498,1923791.2320814168,-6.950865666618571,38.92577813182304,4.0512198230503165,stop
2000-01-12 04:40:19+01:00,2855555.1814619927,1923797.3849269424,-6.950621128970703,38.925878387043504,4.127741775573745,stop
2000-01-12 04:40:29+01:00,2855556.943205285,1923801.8804532185,-6.950611620295702,38.92592153497155,3.894752342520884,stop
2000-01-12 04:40:39+01:00,2855559.2426719978,1923801.3262249369,-6.9505844434750585,38.92592126026755,3.543354612918427,stop
2000-01-12 04:41:29+01:00,2855556.4763139714,1923804.2151506068,-6.950622247805704,38.92594117338085,0.1568326267011478,stop
2000-01-12 04:41:39+01:00,2855556.252384943,1923807.0398040244,-6.950631265019302,38.92596561651195,0.1366416245823411,stop
2000-01-12 04:41:49+01:00,2855555.365795709,1923808.7901907635,-6.950645276748397,38.92597926442649,0.134763134619145,stop
2000-01-12 04:42:09+01:00,2855555.739979116,1923811.5645377424,-6.950647440827257,38.926004463179865,0.1306983808032899,stop
2000-01-12 04:42:19+01:00,2855555.7416869253,1923811.5638355515,-6.950647419974956,38.92600446041525,0.1297965437790767,stop
2000-01-12 04:42:59+01:00,2855557.3198348056,1923815.2395412757,-6.950638094414368,38.92604001571828,0.1412381603627042,stop
2000-01-12 04:43:09+01:00,2855558.077319168,1923816.4719397496,-6.950632395344255,38.92605239453394,0.1464746021588077,stop
2000-01-12 04:44:29+01:00,2855560.2109670173,1923824.853245068,-6.950627631965643,38.92613053103096,2.3349915208748286,stop
2000-01-12 04:44:39+01:00,2855559.857482807,1923824.3951901745,-6.950630560606889,38.92612578588727,2.8089944289979094,stop
2000-01-12 04:45:19+01:00,2855558.594855299,1923818.3341655056,-6.950630847361485,38.92606984265724,5.368571966430356,stop
2000-01-12 04:45:29+01:00,2855557.9956513634,1923818.5263677489,-6.950638039078485,38.92607033528797,5.324923427280118,stop
2000-01-12 04:45:49+01:00,2855576.7365755,1923810.5197907584,-6.9504085208336805,38.92603734489495,5.139709132039322,stop
2000-01-12 04:45:59+01:00,2855580.2483904343,1923810.074987937,-6.950367938970013,38.926040464613095,5.210810282612661,stop
2000-01-12 04:46:09+01:00,2855588.9634793987,1923799.6391480856,-6.950245772346164,38.925965969100005,5.131980307340316,trip
2000-01-12 04:46:19+01:00,2855613.7178284083,1923801.9637065472,-6.949972269603215,38.92603607389359,5.195482279396937,trip
2000-01-12 04:46:29+01:00,2855626.2846343284,1923802.150426937,-6.949831138901841,38.92606290906246,5.000117747381456,trip
2000-01-12 04:46:59+01:00,2855628.397402802,1923795.8858301165,-6.949792935826856,38.92601193765885,4.376871006232073,trip
2000-01-12 04:47:09+01:00,2855633.692277713,1923791.5660509088,-6.949723359205323,38.92598448317334,3.7630273227426,trip
2000-01-12 04:47:19+01:00,2855639.533177954,1923782.596425517,-6.9496369410850285,38.925917146610885,3.166817299932853,trip
2000-01-12 04:48:19+01:00,2855640.918852279,1923771.420014935,-6.949595635612859,38.92582143262234,3.953172588008718,trip
2000-01-12 04:48:29+01:00,2855638.980042037,1923759.6122742791,-6.949590327592023,38.92571349136183,4.344568910966061,trip
2000-01-12 04:48:39+01:00,2855636.122398006,1923745.5686639696,-6.949590229263493,38.92558400487024,4.599609327698671,trip
2000-01-12 04:48:49+01:00,2855634.439308322,1923730.088162384,-6.949573596602473,38.92544421013143,4.761571949531005,trip
2000-01-12 04:48:59+01:00,2855630.8742036563,1923716.5235428568,-6.949582568855837,38.92531752662751,4.913429102816471,trip
2000-01-12 04:49:09+01:00,2855628.981605596,1923701.0208783296,-6.949568245437487,38.92517711658465,5.038225177634308,trip
2000-01-12 04:49:19+01:00,2855626.0074719246,1923685.8666048704,-6.949566906022361,38.925037608842295,5.196612420176313,trip
2000-01-12 04:49:29+01:00,2855622.570042231,1923672.517361492,-6.949574935380493,38.9249130791836,5.238941932907021,trip
2000-01-12 04:49:39+01:00,2855621.0946287643,1923658.8294156275,-6.949560085114851,38.924789497408085,5.393216781122337,trip
2000-01-12 04:49:49+01:00,2855619.22543258,1923646.0286455576,-6.949551710361702,38.92467294450519,5.332655239438241,trip
2000-01-12 04:49:59+01:00,2855615.1191319656,1923631.419654031,-6.949564377987368,38.92453597261467,5.25082122856155,trip
2000-01-12 04:50:09+01:00,2855612.824239815,1923618.8872175792,-6.9495614154513765,38.92442093108231,5.166212674672641,trip
2000-01-12 04:50:19+01:00,2855615.683684085,1923605.3581613696,-6.949498101582599,38.92430743827009,5.1098528315407865,trip
2000-01-12 04:50:29+01:00,2855629.318415353,1923595.730460695,-6.949322381147342,38.92424992388966,5.604145773471043,trip
2000-01-12 04:50:39+01:00,2855642.747721792,1923591.0789313077,-6.949160415247511,38.92423584981478,5.952840952419786,trip
2000-01-12 04:50:49+01:00,2855655.31584702,1923585.8275003864,-6.949006770889844,38.924214762731225,6.046678829399341,trip
2000-01-12 04:50:59+01:00,2855669.3657862823,1923582.9129884045,-6.948841807504705,38.92421723950696,6.30148511537071,trip
2000-01-12 04:51:09+01:00,2855683.2847370096,1923579.4203624188,-6.948676990573478,38.92421435883054,6.314257125336979,stop
2000-01-12 04:51:19+01:00,2855689.1596913924,1923578.366694325,-6.948608390859351,38.92421684860498,5.881516233453665,stop
2000-01-12 04:51:29+01:00,2855690.4875456044,1923579.0952185944,-6.948595108299547,38.92422593014219,5.829400846633736,stop
2000-01-12 04:54:59+01:00,2855704.161801832,1923574.2752603125,-6.9484299962918445,38.92421086148778,5.783738527239821,trip
2000-01-12 04:55:09+01:00,2855717.8466655696,1923570.8186732912,-6.948267899120917,38.92420782851725,5.617154765940427,trip
2000-01-12 04:55:19+01:00,2855731.139190514,1923567.22546258,-6.948109907338852,38.92420280492918,5.486535851585287,trip
2000-01-12 04:55:29+01:00,2855744.174288046,1923563.3453704617,-6.947954155851918,38.92419473698845,5.345454749272587,trip
2000-01-12 04:55:39+01:00,2855757.502626249,1923559.438002328,-6.947795038553168,38.92418701613584,4.929137506858394,trip
2000-01-12 04:55:49+01:00,2855771.73182096,1923556.3248530836,-6.947627599497181,38.92418809957375,4.905126667137105,trip
2000-01-12 04:55:59+01:00,2855785.201358638,1923552.2480803044,-6.947466502342924,38.92417916827669,4.711436427218463,trip
2000-01-12 04:56:09+01:00,2855792.1017923146,1923554.3613454655,-6.947393631347482,38.92421162109642,4.74852281912264,trip
2000-01-12 04:56:19+01:00,2855785.34163404,1923557.029335995,-6.947475913263354,38.92422158435806,4.752524112314671,trip
2000-01-12 04:56:29+01:00,2855780.314541364,1923568.021696388,-6.947557809321688,38.92430837963068,4.448412782360815,trip
2000-01-12 04:56:39+01:00,2855775.5464023454,1923580.7312487245,-6.947640736168946,38.92441082659453,4.640248369158041,trip
2000-01-12 04:56:49+01:00,2855772.145039182,1923593.7681443463,-6.9477090199103815,38.92451889747282,4.647638520059733,trip
2000-01-12 04:56:59+01:00,2855770.365933582,1923605.0351800583,-6.947754961508993,38.92461462270405,4.635341556432906,trip
2000-01-12 04:57:09+01:00,2855767.6121288827,1923617.751720944,-6.947815214895917,38.924721168172105,4.467073999638564,trip
2000-01-12 04:57:19+01:00,2855768.290088116,1923630.8749600025,-6.947837746541794,38.92483817561483,4.192341029532205,trip
2000-01-12 04:57:29+01:00,2855769.830680203,1923643.813573532,-6.947850136781347,38.92495528492313,3.8515827437414094,trip
2000-01-12 04:57:39+01:00,2855765.659179303,1923656.9626039504,-6.947927354605911,38.92506280019676,3.759891887125884,trip
2000-01-12 04:57:49+01:00,2855766.935431236,1923669.906118193,-6.947942734054321,38.925179422841225,3.673098021212594,trip
2000-01-12 04:57:59+01:00,2855766.436348703,1923682.639167233,-6.947977628046286,38.92529063255466,3.5770607232110323,trip
2000-01-12 04:58:09+01:00,2855766.491955867,1923689.2127676064,-6.9479921137984375,38.92534867384407,3.506972054338992,trip
2000-01-12 05:02:19+01:00,2855769.340342951,1923690.774114905,-6.947963617465304,38.92536814205071,0.3397306484282704,stop
2000-01-12 05:05:49+01:00,2855768.6932748314,1923692.12803592,-6.947974018933702,38.925378776600574,3.010167400641386,stop
2000-01-12 05:05:59+01:00,2855769.181616952,1923699.757548696,-6.947986057616505,38.92544699041086,3.3518454826418767,stop
2000-01-12 05:06:09+01:00,2855772.5592745487,1923710.502458544,-6.947972711550107,38.92554844950693,3.899523703637075,stop
2000-01-12 05:06:19+01:00,2855776.0848099664,1923722.5061680283,-6.947960593587364,38.92566129813667,3.932114761933944,stop
2000-01-12 05:06:29+01:00,2855778.22044642,1923731.6356553936,-6.947957524617091,38.92574603200453,3.794887380951276,stop
2000-01-12 05:06:39+01:00,2855783.912959977,1923745.989459187,-6.947926399218533,38.92588393392371,3.803007201939601,stop
2000-01-12 05:06:49+01:00,2855783.927263245,1923753.4467698503,-6.947943382037769,38.92594968008108,3.816738719892128,stop
2000-01-12 05:06:59+01:00,2855782.176427161,1923757.6469737887,-6.947972760616588,38.92598318525107,5.343959777977969,stop
2000-01-12 05:07:09+01:00,2855780.7029317063,1923758.4333884923,-6.947991166931594,38.92598716228628,5.317443296093822,stop
2000-01-12 05:07:19+01:00,2855779.205706903,1923759.145298085,-6.948009669267279,38.92599043518302,5.3357327145908044,stop
2000-01-12 05:07:29+01:00,2855778.3398776287,1923759.0724656384,-6.948019255076064,38.92598805801624,5.324089363509518,stop
2000-01-12 05:07:39+01:00,2855777.4665219346,1923759.08548504,-6.948029123036629,38.925986422332166,5.489483826187183,stop
2000-01-12 05:08:09+01:00,2855779.215632053,1923758.706365194,-6.9480085483756095,38.9259865869842,5.120115576094287,stop
2000-01-12 05:08:19+01:00,2855784.7756228554,1923774.8630861756,-6.947983060736089,38.9261401114577,5.063688070258366,trip
2000-01-12 05:08:29+01:00,2855788.9483433566,1923785.9706857128,-6.947961592430702,38.92624636016502,4.993943553289338,trip
2000-01-12 05:08:39+01:00,2855789.6190561806,1923803.801802696,-6.947995030357625,38.92640484089554,5.113222580998972,trip
2000-01-12 05:08:49+01:00,2855788.834935857,1923820.3357501775,-6.948041874627879,38.92654897444914,5.143505788056626,trip
2000-01-12 05:08:59+01:00,2855788.619733976,1923835.560168468,-6.948079299823831,38.92668270800496,4.01586851989366,trip
2000-01-12 05:09:09+01:00,2855789.9729708075,1923850.8585562848,-6.948099227191173,38.926820236926496,4.061408690440329,trip
2000-01-12 05:09:19+01:00,2855790.173487545,1923864.2827269684,-6.94812783095768,38.9269389389777,3.966550857789592,trip
2000-01-12 05:09:29+01:00,2855793.0825604107,1923879.3041942192,-6.948129595767921,38.927077145786,3.963769489497336,trip
2000-01-12 05:09:39+01:00,2855793.887851414,1923895.8023205365,-6.948158454307977,38.927224149050254,3.71204377079008,trip
2000-01-12 05:09:49+01:00,2855796.122376271,1923910.447576664,-6.948166953062363,38.927357688483895,3.837860718127376,trip
2000-01-12 05:09:59+01:00,2855798.59499807,1923923.5002434163,-6.9481691082948185,38.927477670464405,4.286551107908187,trip
2000-01-12 05:10:09+01:00,2855799.5704065417,1923936.1293698116,-6.948187155770829,38.9275909191741,4.4424687744646665,trip
2000-01-12 05:10:19+01:00,2855800.660403085,1923953.2651080117,-6.94821427364476,38.92774411186961,4.407684319328724,trip
2000-01-12 05:10:29+01:00,2855801.445520149,1923969.994322894,-6.94824389152499,38.9278931109899,4.468684388847923,trip
2000-01-12 05:10:39+01:00,2855805.534109564,1923985.26258006,-6.948232937201999,38.92803585652507,4.222044764263688,trip
2000-01-12 05:10:49+01:00,2855807.615228315,1924001.007445856,-6.948245692805487,38.92817877859788,4.167697787260615,trip
2000-01-12 05:10:59+01:00,2855811.094241204,1924015.69708681,-6.948240275133919,38.92831520329442,4.060182540929256,trip
2000-01-12 05:11:09+01:00,2855810.753727975,1924032.063246512,-6.948281739134991,38.92845874679831,3.920374203953033,trip
2000-01-12 05:11:19+01:00,2855812.10311824,1924047.143838856,-6.948301210802627,38.92859434831183,3.829728253721996,trip
2000-01-12 05:11:29+01:00,2855812.667457612,1924059.914835688,-6.948324216109155,38.92870802313988,3.743634991501317,trip
2000-01-12 05:11:59+01:00,2855810.601944969,1924062.7018944847,-6.948353892185374,38.928728444049625,3.2132766609167733,trip
2000-01-12 05:12:39+01:00,2855808.957169999,1924063.1025805152,-6.948373341942795,38.92872867845697,2.5502153901989377,stop
2000-01-12 05:12:49+01:00,2855812.4737565136,1924058.3957958487,-6.948322905635836,38.92869424845033,2.448671390984737,stop
2000-01-12 05:12:59+01:00,2855817.6042170567,1924053.1201702436,-6.948252981137678,38.92865804019369,2.4349290008404085,stop
2000-01-12 05:13:09+01:00,2855829.0640855944,1924053.7855850067,-6.948125414832656,38.92868687285964,2.4257027849810813,stop
2000-01-12 05:13:19+01:00,2855836.1244780114,1924060.7576895736,-6.94806190880152,38.92876246509127,2.513026234558784,stop
2000-01-12 05:13:29+01:00,2855835.9826464816,1924061.2945111704,-6.948064740772809,38.9287669115388,2.438680436704041,stop
2000-01-12 05:15:09+01:00,2855841.299791641,1924063.1797788383,-6.948009177146379,38.92879418230257,1.3143017662260723,stop
2000-01-12 05:15:49+01:00,2855833.558739682,1924064.00512289,-6.948098278373198,38.92878594052733,2.3041389241450227,stop
2000-01-12 05:16:09+01:00,2855827.6525761927,1924077.403197802,-6.948195616107864,38.92889217282976,3.745038789442916,stop
2000-01-12 05:16:29+01:00,2855827.743126897,1924080.0789666532,-6.948200748078438,38.92891593438951,4.46518010246255,stop
2000-01-12 05:16:49+01:00,2855829.322342968,1924081.6174259712,-6.948186495210314,38.92893265716688,4.659880044756068,stop
2000-01-12 05:16:59+01:00,2855828.598402837,1924081.561513557,-6.948194521923639,38.92893071346539,4.542353519470273,stop
2000-01-12 05:18:49+01:00,2855834.124038028,1924076.9133352912,-6.948121588139011,38.92890082651649,0.1307468895879826,stop
2000-01-12 05:19:19+01:00,2855834.17117284,1924076.198774153,-6.948119414274229,38.92889462395349,0.1396356971721515,stop
2000-01-12 05:19:49+01:00,2855833.1183578023,1924076.9085761297,-6.9481329062915576,38.92889876892283,0.1353286668577909,stop
2000-01-12 05:20:39+01:00,2855833.0176167777,1924079.044567019,-6.94813895212791,38.9289173903208,0.1740303342175113,stop
2000-01-12 05:21:29+01:00,2855835.756292626,1924077.871732741,-6.948105404118154,38.92891254382044,0.1741215632335262,stop
2000-01-12 05:21:49+01:00,2855834.342898006,1924078.4348870048,-6.9481226209408256,38.92891467376778,0.1752856401759024,stop
2000-01-12 05:22:39+01:00,2855832.276253235,1924079.8625360732,-6.948149184309783,38.92892311273725,0.1497302052809725,stop
2000-01-12 05:22:49+01:00,2855832.782595607,1924077.996122629,-6.948139189128058,38.9289076799125,0.1492217898909449,stop
2000-01-12 05:22:59+01:00,2855832.862459275,1924075.6731040275,-6.948132948472968,38.92888736849824,0.150722012640337,stop
2000-01-12 05:23:29+01:00,2855834.3695878084,1924074.7117787288,-6.948113760278979,38.92888191755805,0.1440988957682903,stop
2000-01-12 05:23:59+01:00,2855837.798003731,1924073.4990780896,-6.948072350637983,38.92887810214793,0.1421997546899874,stop
2000-01-12 05:24:09+01:00,2855839.613177554,1924073.8691480197,-6.9480527533592245,38.92888500145404,0.1375753408925528,stop
2000-01-12 05:24:19+01:00,2855834.975989419,1924075.315590324,-6.948108317356254,38.928888454008224,0.1395909090615447,stop
2000-01-12 05:24:29+01:00,2855833.0169317364,1924079.8257964165,-6.948140756014843,38.9289242734916,0.1411779610149459,stop
2000-01-12 05:24:49+01:00,2855831.931420221,1924080.682964221,-6.948154955187266,38.928929651578464,0.1433991361033479,stop
2000-01-12 05:24:59+01:00,2855833.030021089,1924079.963361904,-6.9481409248467,38.92892551201496,0.1473632521827977,stop
2000-01-12 05:25:19+01:00,2855833.255979148,1924078.316072524,-6.948134592026549,38.9289114482431,0.1538876589012829,stop
2000-01-12 05:26:19+01:00,2855829.6626128363,1924075.7836536367,-6.948169249244334,38.9288819293489,0.1514068500367732,stop
2000-01-12 05:26:29+01:00,2855828.388720857,1924075.6694981533,-6.948183337305504,38.9288783701301,0.1458846454146733,stop
2000-01-12 05:26:49+01:00,2855828.126704089,1924073.3215466829,-6.948180890633321,38.9288571537764,0.1438262871773646,stop
2000-01-12 05:27:09+01:00,2855827.340878842,1924072.3024831824,-6.948187400041223,38.92884659832198,0.1483222290641621,stop
2000-01-12 05:27:19+01:00,2855827.533657897,1924072.9906147036,-6.948186810491022,38.9288530488276,0.1381949576696728,stop
2000-01-12 05:27:29+01:00,2855827.575932625,1924073.889602804,-6.94818840118004,38.92886105584355,0.1389356610017967,stop
2000-01-12 05:27:39+01:00,2855827.927158163,1924075.1897011,-6.948187433724995,38.92887321684473,0.1392836364912102,stop
2000-01-12 05:27:49+01:00,2855830.958392069,1924082.071688494,-6.948169109359563,38.928939939424,0.1412497449462268,stop
2000-01-12 05:27:59+01:00,2855829.8923230884,1924082.2994134603,-6.948181642322786,38.92893980954289,0.1406086511802025,stop
2000-01-12 05:28:09+01:00,2855825.8364454443,1924078.8060761665,-6.948219300459159,38.92890089558883,0.1394018490850098,stop
2000-01-12 05:28:19+01:00,2855822.869776672,1924074.33517574,-6.948242440930706,38.92885554998069,0.1386434695774874,stop
2000-01-12 05:28:29+01:00,2855825.087638186,1924073.232058815,-6.948214920258617,38.92885027403884,0.1429368548753902,stop
2000-01-12 05:28:39+01:00,2855832.254408955,1924075.100064443,-6.948138480715786,38.92888109991907,0.1393271245270746,stop
2000-01-12 05:28:59+01:00,2855830.080643566,1924072.812981508,-6.948157710041427,38.92885658830184,0.1367395517872147,stop
2000-01-12 05:29:19+01:00,2855826.7506378028,1924071.0510161505,-6.948191171840034,38.92883438682784,0.1353347054398327,stop
2000-01-12 05:29:39+01:00,2855824.3761366643,1924070.9831727776,-6.948217764834043,38.92882902980165,0.1458055770143888,stop
2000-01-12 05:29:49+01:00,2855829.787967543,1924071.3007180204,-6.948157530135561,38.928842674954765,0.1477373001384038,stop
2000-01-12 05:30:29+01:00,2855827.2458806043,1924068.9273480107,-6.948180710234584,38.92881666471528,0.1554876280837582,stop
2000-01-12 05:30:39+01:00,2855826.873009105,1924064.5259055896,-6.948174791064413,38.928777129892126,0.1514037287175726,stop
2000-01-12 05:30:49+01:00,2855827.095021878,1924064.609157816,-6.948172481481293,38.92877830852256,0.1567977878675782,stop
2000-01-12 05:31:09+01:00,2855822.352754499,1924067.7269025596,-6.948233071719987,38.92879627866724,0.1549982788441694,stop
2000-01-12 05:31:19+01:00,2855821.4734431333,1924068.7972090112,-6.948245438049316,38.92880394829839,0.1548803951284479,stop
2000-01-12 05:31:29+01:00,2855820.159856189,1924068.1396200047,-6.948258723814398,38.92879552053002,0.1368300493253406,stop
2000-01-12 05:31:39+01:00,2855816.45805982,1924062.43770482,-6.948287315198468,38.92873785325093,0.1386241410477751,stop
2000-01-12 05:31:49+01:00,2855815.404771677,1924060.5580814972,-6.948294859000734,38.92871917807897,0.1458077652476092,stop
2000-01-12 05:31:59+01:00,2855810.421762264,1924063.6303646492,-6.9483580566726255,38.92873626500198,0.1443598309542938,stop
2000-01-12 05:32:09+01:00,2855807.928931628,1924059.8794743617,-6.948377514628654,38.928698214119,0.1451152605343796,stop
2000-01-12 05:32:29+01:00,2855808.112994602,1924065.7022788324,-6.948388828813695,38.92874989617244,0.1370558020641588,stop
2000-01-12 05:32:39+01:00,2855813.82456936,1924065.6498042585,-6.948324366834436,38.928760881425774,0.1482362023980288,stop
2000-01-12 05:32:49+01:00,2855822.815452373,1924068.5237284603,-6.948229691420502,38.928804228029946,0.1395467615029694,stop
2000-01-12 05:32:59+01:00,2855824.0752756186,1924069.480293031,-6.948217698696568,38.92881518274339,0.1407905988891497,stop
2000-01-12 05:33:09+01:00,2855827.278362952,1924069.627225918,-6.948181953447419,38.92882289745685,0.1456242302553754,stop
2000-01-12 05:33:19+01:00,2855827.902365035,1924069.2728207416,-6.948174109173181,38.92882102495106,0.1472972323545784,stop
2000-01-12 05:33:29+01:00,2855826.7183720204,1924067.6786743307,-6.948183781769679,38.92880460357036,0.1514632213767645,stop
2000-01-12 05:33:39+01:00,2855822.131945024,1924069.212574414,-6.948238974960891,38.92880892850751,0.1510385205386068,stop
2000-01-12 05:33:49+01:00,2855815.042366432,1924067.573129353,-6.948315070309335,38.92878027144214,0.1492329499239957,stop
2000-01-12 05:34:19+01:00,2855819.874784458,1924071.7131800924,-6.948270151387806,38.9288264409708,0.1625476951745921,stop
2000-01-12 05:35:09+01:00,2855816.560948177,1924072.5251507529,-6.948309348913984,38.92882695453602,0.1615151288389847,stop
2000-01-12 05:35:19+01:00,2855820.3262056164,1924072.5116342048,-6.948266901868677,38.92883438208117,0.164706308374863,stop
2000-01-12 05:35:29+01:00,2855822.6527861934,1924072.6337922683,-6.948240973583899,38.92884012171997,0.1595860245717283,stop
2000-01-12 05:35:39+01:00,2855824.1825537626,1924073.0158988463,-6.948224619133958,38.92884655509823,0.1584058701496583,stop
2000-01-12 05:35:49+01:00,2855825.6334328447,1924072.566738008,-6.948207242148425,38.92884550485894,0.1490155659677258,stop
2000-01-12 05:37:39+01:00,2855818.8689386966,1924069.1895905072,-6.94827568016978,38.92880218597193,0.1325300014650156,stop
2000-01-12 05:37:49+01:00,2855821.6956060445,1924075.129488855,-6.94825749433626,38.92886019645151,0.1365814528403232,stop
2000-01-12 05:37:59+01:00,2855821.876212767,1924076.1461408208,-6.948257797240097,38.92886951762891,0.138147373118643,stop
2000-01-12 05:38:29+01:00,2855817.2192960265,1924069.9928381848,-6.948296110341143,38.92880595819058,0.132885960563034,stop
2000-01-12 05:38:49+01:00,2855818.555641496,1924068.2290076672,-6.948277000947594,38.92879309295037,0.1367829524454913,stop
2000-01-12 05:38:59+01:00,2855817.6508859,1924066.527555856,-6.948283281170805,38.92877628560879,0.1396107035186413,stop
2000-01-12 05:39:09+01:00,2855817.9897181643,1924066.3054640533,-6.948278953571061,38.92877500755372,0.1412988130549224,stop
2000-01-12 05:39:29+01:00,2855820.9035502304,1924063.113508929,-6.9482387901876095,38.92875271876549,0.1447288803559624,stop
2000-01-12 05:39:39+01:00,2855828.5345536573,1924066.909264112,-6.948161553327804,38.92880146330769,0.1441282997983803,stop
2000-01-12 05:39:49+01:00,2855827.154728784,1924065.856089488,-6.948174675765938,38.92878941671353,0.1493038142335872,stop
2000-01-12 05:39:59+01:00,2855826.373389321,1924063.9007535116,-6.948178982002614,38.92877061939609,0.1483431351420719,stop
2000-01-12 05:40:39+01:00,2855824.995855669,1924064.274610412,-6.948195359589541,38.92877115303393,0.1507709178061361,stop
2000-01-12 05:40:49+01:00,2855820.571341203,1924063.052999886,-6.948242393428635,38.928751519692256,0.1529922075043107,stop
2000-01-12 05:41:09+01:00,2855830.538853751,1924063.325422135,-6.948130734919377,38.92877389803986,0.1640106293561988,stop
2000-01-12 05:41:19+01:00,2855831.679006716,1924063.223725865,-6.948117657183758,38.9287752870188,0.15813976438367,stop
2000-01-12 05:41:29+01:00,2855830.109822924,1924064.3535135689,-6.948137931723439,38.92878209815128,0.1541619122521618,stop
2000-01-12 05:41:49+01:00,2855827.5152656594,1924066.242005497,-6.9481715015670575,38.92879354019339,0.1458390592972505,stop
2000-01-12 05:42:09+01:00,2855827.458104469,1924064.8119565228,-6.948168857590198,38.92878082339275,0.1452993968086684,stop
2000-01-12 05:42:19+01:00,2855831.074497957,1924068.279869886,-6.948136091855613,38.92881863243922,0.1434400216705453,stop
2000-01-12 05:42:29+01:00,2855830.4964853213,1924068.206081085,-6.948142433569798,38.92881682368565,0.1420646405457366,stop
2000-01-12 05:42:49+01:00,2855826.038713845,1924067.195268685,-6.948190326753886,38.92879898136064,0.1408166402056522,stop
2000-01-12 05:43:19+01:00,2855824.9018417285,1924066.9660831464,-6.948202606784284,38.92879468306859,0.1323715401459137,stop
2000-01-12 05:43:29+01:00,2855836.849320833,1924070.5803246945,-6.948076327007819,38.92885047936652,0.131297285457869,stop
2000-01-12 05:43:39+01:00,2855839.868041199,1924072.753176329,-6.948047316514514,38.928875677820486,0.1331947687311845,stop
2000-01-12 05:43:49+01:00,2855839.8074747683,1924072.8954498705,-6.94804832590888,38.92887681020835,0.13322018457267,stop
2000-01-12 05:44:09+01:00,2855815.122481689,1924064.7669913685,-6.94830771601151,38.928755703079,0.1336139823187221,stop
2000-01-12 05:44:39+01:00,2855815.4335279413,1924066.0610425111,-6.948307187295333,38.92876773026087,0.1383191868249387,stop
2000-01-12 05:44:59+01:00,2855816.159580869,1924067.2792345637,-6.948301809081928,38.92877992073191,0.1345132517618414,stop
2000-01-12 05:45:19+01:00,2855824.0691063,1924069.3850234011,-6.948217549154187,38.92881433081974,0.1304712984682155,stop
2000-01-12 05:45:29+01:00,2855825.8632314173,1924070.3505917848,-6.948199558168112,38.92882643576657,0.1311046486655672,stop
2000-01-12 05:45:39+01:00,2855826.210929275,1924066.2908390812,-6.948186307306489,38.928791356288485,0.1258114590705746,stop
2000-01-12 05:45:59+01:00,2855823.170291222,1924064.357213508,-6.948216114642266,38.92876822203133,0.1386495347124364,stop
2000-01-12 05:47:29+01:00,2855824.3879566398,1924066.4746976977,-6.948207265971206,38.92878932279139,0.1508060479406161,stop
2000-01-12 05:47:49+01:00,2855828.854771637,1924068.0866878747,-6.948160653121771,38.92881248109897,0.1544487453072909,stop
2000-01-12 05:48:49+01:00,2855821.408304347,1924063.1331594635,-6.948233149271987,38.928753903603976,0.1445579142929613,stop
2000-01-12 05:48:59+01:00,2855818.6662339945,1924060.926284575,-6.94825896494587,38.92872895975175,0.1513409944649155,stop
2000-01-12 05:49:09+01:00,2855820.0222764206,1924061.0969450343,-6.948244081401223,38.92873318158071,0.1522395131498899,stop
2000-01-12 05:49:19+01:00,2855823.375785768,1924062.035200103,-6.9482084610544685,38.92874817127648,0.1517867418250756,stop
2000-01-12 05:49:39+01:00,2855818.117015561,1924060.371182732,-6.948263875663264,38.92872296715629,0.1483487497777305,stop
2000-01-12 05:49:59+01:00,2855816.166073816,1924062.6676174705,-6.948291133050557,38.92873929411996,0.1497267166975824,stop
2000-01-12 05:50:29+01:00,2855818.2497418467,1924063.7262899675,-6.948270094432745,38.92875279988208,0.1545944171465407,stop
2000-01-12 05:51:19+01:00,2855819.949817275,1924061.7978442116,-6.9482465091389765,38.92873921298941,0.1567845964502938,stop
2000-01-12 05:51:39+01:00,2855822.834733552,1924060.677737212,-6.9482114350306095,38.92873512428543,0.1565524066225623,stop
2000-01-12 05:51:49+01:00,2855823.246892996,1924059.5873666855,-6.94820428509156,38.92872634153299,0.1568631946698492,stop
2000-01-12 05:52:19+01:00,2855820.765507568,1924059.400962302,-6.948231809512072,38.92871972546542,0.1526188490644356,stop
2000-01-12 05:52:39+01:00,2855818.9688905478,1924060.124706469,-6.948253712539553,38.92872250249635,0.1505179303853279,stop
2000-01-12 06:20:59+01:00,2855836.371985666,1924073.292494438,-6.948087939912709,38.92887342352374,5.751418727389839,stop
2000-01-12 06:21:19+01:00,2855834.9626235366,1924071.8211199208,-6.948100433611497,38.92885763237333,5.927329023448358,stop
2000-01-12 06:21:29+01:00,2855834.913005268,1924071.272741636,-6.94809973176304,38.92885270036867,5.800624211584573,stop
2000-01-12 06:25:59+01:00,2855837.302558636,1924075.8665924736,-6.94808337514447,38.92889797274936,4.926242447372404,stop
2000-01-12 06:26:09+01:00,2855840.481184354,1924087.8160313903,-6.9480750411321495,38.92900964738487,4.940844067681059,stop
2000-01-12 06:26:19+01:00,2855840.8537116903,1924097.8467667329,-6.948093906816701,38.92909878936642,4.998333995637045,stop
2000-01-12 06:26:29+01:00,2855836.96830599,1924112.3399735773,-6.948170998862464,38.92921872255936,4.912277263463223,stop
2000-01-12 06:26:39+01:00,2855834.402959306,1924126.4197824567,-6.948232270055951,38.92933765838887,5.107044248076983,stop
2000-01-12 06:26:49+01:00,2855840.5194676584,1924133.7363893616,-6.94818018878064,38.92941439475317,5.2258786362027525,stop
2000-01-12 06:26:59+01:00,2855843.621688512,1924135.94411208,-6.948150317647816,38.92944006788717,4.746525132687392,stop
2000-01-12 06:27:09+01:00,2855835.191255376,1924142.0863314592,-6.948259410322829,38.92947729887042,4.403975018976506,stop
2000-01-12 06:27:19+01:00,2855832.9109270354,1924139.512031044,-6.948279179812175,38.92945004257238,4.167580186288065,stop
2000-01-12 06:27:29+01:00,2855834.1543980357,1924136.946731953,-6.948259273717656,38.92942992830717,4.025337368712902,stop
2000-01-12 06:27:39+01:00,2855834.47183247,1924137.314258965,-6.948256542778461,38.92943380334608,3.756721600246037,stop
2000-01-12 06:27:49+01:00,2855836.211789751,1924137.415809332,-6.948237175311614,38.92943818562386,3.6763294956809625,stop
2000-01-12 06:27:59+01:00,2855838.76861585,1924134.435318508,-6.948201519432784,38.92941704482943,3.509354761019787,stop
2000-01-12 06:28:09+01:00,2855837.0445470214,1924131.216968319,-6.948213541768853,38.92938522779183,3.3513011658916225,stop
2000-01-12 06:28:19+01:00,2855833.146577765,1924135.0815138868,-6.948266338483137,38.92941147122604,3.2229563062683058,stop
2000-01-12 06:28:29+01:00,2855834.452095846,1924140.7305801408,-6.948264619945237,38.92946386990776,3.2567439932085938,stop
2000-01-12 06:28:39+01:00,2855834.529411609,1924141.193840888,-6.948264814101174,38.92946810732739,4.571740702393888,stop
2000-01-12 06:28:49+01:00,2855823.782908679,1924147.8103752544,-6.948401088444581,38.92950487593834,4.593541983187238,trip
2000-01-12 06:28:59+01:00,2855819.8152287183,1924148.895363025,-6.948448279787426,38.92950648487207,4.576890316424924,trip
2000-01-12 06:29:09+01:00,2855813.6495861216,1924151.6947565705,-6.948524173456822,38.92951879644974,4.550971126034051,trip
2000-01-12 06:29:19+01:00,2855811.187252393,1924152.9262061296,-6.948554743545089,38.929524713206064,4.634213495622818,trip
2000-01-12 06:29:39+01:00,2855803.783862764,1924156.512885413,-6.948646390905543,38.92954148173793,4.407088332581342,trip
2000-01-12 06:29:49+01:00,2855789.747574302,1924154.700095548,-6.9488003443196735,38.92949737314465,4.639784331944339,trip
2000-01-12 06:29:59+01:00,2855783.649873397,1924150.967664432,-6.948860454119844,38.92945225943769,4.91962190905959,trip
2000-01-12 06:30:09+01:00,2855776.3096159813,1924154.319874253,-6.948950851159762,38.92946708797468,5.082538275281163,trip
2000-01-12 06:30:19+01:00,2855762.300732753,1924152.762314936,-6.949105082369694,38.92942528302777,5.126425439078205,trip
2000-01-12 06:30:29+01:00,2855757.366369985,1924150.2436205852,-6.949154877499945,38.92939319687052,5.023036651753977,trip
2000-01-12 06:30:39+01:00,2855754.092387993,1924151.2743357783,-6.94919412939244,38.92939571760663,4.225310263662254,trip
2000-01-12 06:30:49+01:00,2855751.311956889,1924154.2578426956,-6.949232311480482,38.92941643640135,4.280089897451165,trip
2000-01-12 06:30:59+01:00,2855744.830896714,1924157.3386908525,-6.949312405620131,38.92943059541899,4.376066583730747,trip
2000-01-12 06:31:09+01:00,2855730.5853193733,1924156.973026572,-6.949472043556368,38.92939881891953,4.516126158796103,trip
2000-01-12 06:31:19+01:00,2855715.1288567414,1924157.005064432,-6.949646236632067,38.92936811970954,4.518063919073112,trip
2000-01-12 06:31:29+01:00,2855704.752642555,1924158.9807010563,-6.949767668975143,38.9293647311322,4.755191839431025,trip
2000-01-12 06:31:39+01:00,2855700.788447482,1924158.9609630532,-6.949812280815447,38.92935661109807,4.834794705454226,trip
2000-01-12 06:31:49+01:00,2855689.5081547904,1924158.6163604876,-6.949938562491472,38.92933096324762,4.703855219414582,trip
2000-01-12 06:31:59+01:00,2855689.9205609174,1924158.8247438848,-6.949934395842728,38.929333626264544,4.469106529021446,trip
2000-01-12 06:32:09+01:00,2855680.3933270588,1924158.7427871416,-6.95004153294314,38.92931380679198,4.232468098578192,trip
2000-01-12 06:32:19+01:00,2855667.937610576,1924158.2580258243,-6.95018073347451,38.92928456736031,3.983425644750109,trip
2000-01-12 06:32:29+01:00,2855653.7954610214,1924156.667272644,-6.950336388557718,38.92924220080557,3.987868885380421,trip
2000-01-12 06:32:39+01:00,2855639.5831962414,1924157.4465293563,-6.950498283139401,38.92922057886787,3.92738658570864,trip
2000-01-12 06:32:49+01:00,2855622.588335871,1924158.3028619,-6.950691701076971,38.92919405797322,3.8813223532350847,trip
2000-01-12 06:32:59+01:00,2855609.4711568,1924158.223499894,-6.950839284801677,38.92916706417455,3.987986132221714,trip
2000-01-12 06:33:09+01:00,2855600.8807651037,1924158.2610827328,-6.950936142716597,38.92915017512072,4.044130941944252,trip
2000-01-12 06:33:19+01:00,2855594.3217775417,1924160.227608568,-6.951014552380923,38.92915435668228,3.9648225397963,trip
2000-01-12 06:33:29+01:00,2855590.883901532,1924160.403120136,-6.951053683930168,38.92914901174883,4.009107522350047,trip
2000-01-12 06:33:39+01:00,2855591.0905089225,1924160.95402308,-6.951052623318375,38.92915428067116,3.920203650149229,trip
2000-01-12 06:33:49+01:00,2855593.179403453,1924161.0577909127,-6.951029330372919,38.92915938253348,3.9066529730963833,trip
2000-01-12 06:33:59+01:00,2855590.5561259408,1924160.211995557,-6.951056936844819,38.92914667042707,3.9410652790726286,trip
2000-01-12 06:34:09+01:00,2855578.8841174515,1924162.6781328572,-6.951194093987884,38.92914500494592,4.184350435130972,trip
2000-01-12 06:34:19+01:00,2855568.775246093,1924171.6901367176,-6.951328695172445,38.92920415727236,4.2702181388955625,trip
2000-01-12 06:34:29+01:00,2855557.327017839,1924169.3992132572,-6.951452392112017,38.92916101913117,4.392535918701479,trip
2000-01-12 06:34:39+01:00,2855546.060400428,1924163.975551625,-6.951566838905108,38.92909063813784,4.519272967786714,trip
2000-01-12 06:34:49+01:00,2855536.08634764,1924155.5848261053,-6.951659901507675,38.9289967014136,4.479858927838628,trip
2000-01-12 06:34:59+01:00,2855527.1966560464,1924144.5479569188,-6.95173466334471,38.92888161968838,4.293497647862535,trip
2000-01-12 06:35:09+01:00,2855503.542324157,1924137.5511858116,-6.951985039435486,38.92877254178029,4.14250577815135,trip
2000-01-12 06:35:19+01:00,2855474.524952519,1924155.0035479064,-6.952352055218343,38.92886816538795,4.069715250978438,stop
2000-01-12 06:35:29+01:00,2855468.76469011,1924152.4801679824,-6.952411141493972,38.92883438056119,3.770811690627384,stop
2000-01-12 06:35:39+01:00,2855473.0780635704,1924147.4335655293,-6.952350945580602,38.92879855557928,3.871540667508172,stop
2000-01-12 06:35:49+01:00,2855470.7432651827,1924146.702277792,-6.9523755653066495,38.92878743051193,3.794541478703616,stop
2000-01-12 06:35:59+01:00,2855472.396329653,1924144.516236303,-6.952351916275176,38.92877148041154,3.7825643005704417,stop
2000-01-12 06:36:09+01:00,2855479.2048255107,1924145.570273968,-6.952277642618623,38.92879441833188,3.743394884613738,stop
2000-01-12 06:36:19+01:00,2855477.330416792,1924142.383470453,-6.952291429098927,38.92876257744603,3.773090950086033,stop
2000-01-12 06:36:29+01:00,2855470.4020058718,1924144.1355012627,-6.952373506722997,38.92876412710011,3.993370278895736,stop
2000-01-12 06:36:39+01:00,2855454.260608075,1924145.490072789,-6.952558454427315,38.92874370411477,4.045766947568937,trip
2000-01-12 06:36:49+01:00,2855442.28178568,1924141.9128291905,-6.952685168765739,38.92868816522261,3.920383248948581,trip
2000-01-12 06:36:59+01:00,2855437.161896412,1924135.2802285769,-6.952727590747489,38.92861945227327,4.062612933700013,trip
2000-01-12 06:37:09+01:00,2855425.005703977,1924133.3483432136,-6.952860086752514,38.92857805697809,4.228511114556023,trip
2000-01-12 06:37:19+01:00,2855412.7770904023,1924137.410664501,-6.953007183846371,38.92858933910605,4.232368374000887,trip
2000-01-12 06:37:29+01:00,2855398.032820777,1924124.9782411123,-6.953144684942435,38.92845022076953,4.4207494754460415,trip
2000-01-12 06:37:39+01:00,2855387.362006309,1924118.396444655,-6.953249753828932,38.92837082647503,4.382239678246089,trip
2000-01-12 06:37:49+01:00,2855378.0449180016,1924118.1739420013,-6.953354198163522,38.928350186132775,4.2271936491935405,trip
2000-01-12 06:37:59+01:00,2855358.852212658,1924117.6608666484,-6.953569221872017,38.92830718546081,4.198691511317479,trip
2000-01-12 06:38:09+01:00,2855347.5897377618,1924116.03991441,-6.953692364325336,38.92827032088938,3.9016723162235465,trip
2000-01-12 06:38:19+01:00,2855336.0096660573,1924112.820464372,-6.95381540798827,38.928218732979325,3.7688619088168007,trip
2000-01-12 06:38:29+01:00,2855320.8101560287,1924117.4551265591,-6.953997287586144,38.9282291007852,3.4057093536606824,trip
2000-01-12 06:38:39+01:00,2855301.182530797,1924117.9150504167,-6.954219447725107,38.92819380101852,3.0342878966690017,stop
2000-01-12 06:38:49+01:00,2855294.6063068886,1924113.9077187355,-6.954284311266346,38.9281453020847,2.95591263906817,stop
2000-01-12 06:38:59+01:00,2855298.174329088,1924107.2850976435,-6.954228886501188,38.92809409554674,2.733578229479764,stop
2000-01-12 06:39:09+01:00,2855295.720994172,1924101.638134437,-6.954243535300191,38.9280394140494,2.4161593021215126,stop
2000-01-12 06:39:19+01:00,2855291.212808825,1924111.417691221,-6.954316811559452,38.92811655535086,2.2346257530983307,stop
2000-01-12 06:39:29+01:00,2855290.6921343603,1924109.388120147,-6.954318008979793,38.92809762626575,1.6296303806503312,stop
2000-01-12 06:39:39+01:00,2855293.685418473,1924103.1387684008,-6.9542699170514455,38.92804855675541,1.2564547668570671,stop
2000-01-12 06:39:49+01:00,2855294.7934224256,1924103.026260788,-6.954257176821591,38.92804978683806,1.2408923846998177,stop
2000-01-12 06:39:59+01:00,2855283.754307229,1924105.5806262584,-6.954387405384894,38.92805016327704,1.2650170690090246,stop
2000-01-12 06:40:09+01:00,2855273.9185348703,1924107.658238964,-6.954502982007881,38.92804875098237,1.3007696306296692,stop
2000-01-12 06:40:19+01:00,2855284.878851192,1924098.49255218,-6.954358435446549,38.92798995593437,1.1845174058146184,stop
2000-01-12 06:40:29+01:00,2855286.730509917,1924100.2908423173,-6.9543417128085565,38.92800951552692,1.1001337291190638,stop
2000-01-12 06:40:39+01:00,2855296.326887425,1924094.4157277548,-6.95422009905202,38.92797698299626,1.1983160776271435,stop
2000-01-12 06:40:49+01:00,2855295.781891296,1924102.3594777952,-6.954244508340821,38.92804589282488,1.1632909499421948,stop
2000-01-12 06:40:59+01:00,2855282.584281935,1924118.9082974528,-6.954431238524315,38.92816526443414,1.2041054242344411,stop
2000-01-12 06:41:09+01:00,2855277.95660672,1924116.513431379,-6.954477860433286,38.92813488170464,1.265845332009929,stop
2000-01-12 06:41:19+01:00,2855287.4747512103,1924109.1054574207,-6.954353602147425,38.928088684532725,1.2413404533342414,stop
2000-01-12 06:41:29+01:00,2855284.991103729,1924115.5064129557,-6.954396301883911,38.928140111790114,1.295422269160002,stop
2000-01-12 06:41:39+01:00,2855281.731016524,1924115.8447392008,-6.954433804366263,38.92813655672881,1.307006713644513,stop
2000-01-12 06:41:49+01:00,2855285.6657358296,1924119.3386454312,-6.9543975162173,38.92817523510093,1.324690060207967,stop
2000-01-12 06:41:59+01:00,2855284.47900628,1924126.948897288,-6.954428387808297,38.928239919301824,1.7094798582719792,stop
2000-01-12 06:42:09+01:00,2855283.6932486114,1924126.0546047643,-6.954435182412126,38.928230463106885,2.2058898847728616,stop
2000-01-12 06:42:19+01:00,2855288.8513673483,1924115.646614801,-6.954353139097332,38.92814908710811,2.192737031454451,stop
2000-01-12 06:42:29+01:00,2855289.226645316,1924117.615589032,-6.954353440188113,38.92816719067681,2.1513947527221684,stop
2000-01-12 06:42:39+01:00,2855297.822356333,1924116.2916377247,-6.954253565836793,38.92817275796839,2.063733442423659,stop
2000-01-12 06:42:49+01:00,2855296.411028958,1924123.4630330484,-6.954285957999426,38.92823312458232,2.0086861485076235,stop
2000-01-12 06:51:09+01:00,2855269.013393666,1924099.5749044484,-6.9545396461495566,38.927967683579176,3.447251518145056,trip
2000-01-12 06:51:19+01:00,2855261.145160787,1924095.3629398795,-6.954618592848903,38.92791479064248,3.703345998376901,trip
2000-01-12 06:51:29+01:00,2855255.21210785,1924090.395868671,-6.954674003325051,38.92785912354115,3.861294835563784,trip
2000-01-12 06:51:39+01:00,2855249.241949469,1924083.2410035245,-6.954724799832168,38.92778410258724,3.6919400005817407,trip
2000-01-12 06:51:49+01:00,2855239.0269558635,1924074.7165876604,-6.954820263334052,38.927688501671554,3.696536716117321,trip
2000-01-12 06:51:59+01:00,2855226.940579656,1924071.9350371729,-6.954950015773049,38.92763975605954,3.801783381340501,trip
2000-01-12 06:52:09+01:00,2855211.1876585525,1924076.7209826903,-6.955138476056093,38.9276503452724,3.5907938452411496,trip
2000-01-12 06:52:19+01:00,2855196.5888321283,1924083.4551388351,-6.955318416825459,38.927680416311205,3.5352928791950298,trip
2000-01-12 06:52:29+01:00,2855180.3404344483,1924094.3392128132,-6.955526484907788,38.92774374948411,3.419481047863033,trip
2000-01-12 06:52:39+01:00,2855171.855520176,1924099.606796516,-6.955634181222499,38.92777315528113,3.4408607538041003,stop
2000-01-12 06:52:49+01:00,2855177.296629283,1924091.8437668397,-6.955555032862892,38.927715655774726,3.588510096538467,stop
2000-01-12 06:52:55+01:00,2855169.570320094,1924090.361768531,-6.955638658978512,38.92768710372165,3.2602533107742864,stop
2000-01-12 06:52:59+01:00,2855175.169801525,1924091.0057956276,-6.95557706361914,38.92770400679112,3.2602533107742864,stop
2000-01-12 06:53:09+01:00,2855177.9676630865,1924089.4129382763,-6.955541882741563,38.92769558023576,3.2183779915707644,stop
2000-01-12 06:53:19+01:00,2855181.603598137,1924094.122287548,-6.955511756744906,38.92774437069382,3.084149666484295,stop
2000-01-12 06:53:29+01:00,2855174.7657581437,1924093.3584441475,-6.9555870263548565,38.92772392873587,2.777632788933538,stop
2000-01-12 06:53:39+01:00,2855167.891934148,1924094.898233372,-6.95566799985088,38.927723714728245,2.2324436821009974,stop
2000-01-12 06:53:49+01:00,2855168.055970725,1924094.8759287568,-6.955666100718884,38.9277238470922,2.499573891635718,stop
2000-01-12 06:53:59+01:00,2855167.684248112,1924089.664067112,-6.95565830029724,38.92767717356091,2.67615667037945,stop
2000-01-12 06:54:09+01:00,2855173.2531064902,1924090.2063207773,-6.955596815823784,38.92769311838718,2.77382952850325,stop
2000-01-12 06:54:19+01:00,2855182.1482619084,1924077.380179164,-6.955467113227445,38.92759792725323,2.8338861647756337,trip
2000-01-12 06:54:29+01:00,2855179.141077741,1924075.2905085792,-6.955496181940972,38.92757348278048,2.849147971713859,trip
2000-01-12 06:54:39+01:00,2855169.9628915167,1924070.2516724216,-6.955587981893244,38.92751067584549,2.831536336143605,trip
2000-01-12 06:54:49+01:00,2855162.342302625,1924065.6412673665,-6.955663221257557,38.92745476747438,2.9437978614144464,trip
2000-01-12 06:54:59+01:00,2855139.83573478,1924061.0235693024,-6.955906129516444,38.9273689459445,2.955831493404804,trip
2000-01-12 06:55:09+01:00,2855124.321411276,1924055.8671686305,-6.956069032884256,38.92729239746954,2.8633675599211736,trip
2000-01-12 06:55:19+01:00,2855114.920680969,1924055.7296340268,-6.956174612529559,38.92727233514876,2.8722160443768274,trip
2000-01-12 06:55:29+01:00,2855110.209391371,1924055.189460268,-6.956226441088641,38.92725812789816,2.918593059363694,trip
2000-01-12 06:55:39+01:00,2855109.045544561,1924056.3731115567,-6.956242273985434,38.92726622474343,2.9220362977168977,trip
2000-01-12 06:55:49+01:00,2855101.3893977148,1924056.44380366,-6.956328680389917,38.92725149545492,2.977246467976934,trip
2000-01-12 06:55:59+01:00,2855091.400692018,1924039.3900005,-6.956401973055389,38.92708118388044,2.9425110952957185,trip
2000-01-12 06:56:09+01:00,2855085.517225866,1924036.8687310016,-6.956462448702833,38.92704716815982,2.978570773294619,trip
2000-01-12 06:56:19+01:00,2855087.01769579,1924034.9927585088,-6.956441231458238,38.92703364546676,2.9763298517174266,trip
2000-01-12 06:56:29+01:00,2855090.545586217,1924038.9964232284,-6.956410700204388,38.92707600090405,3.131645293163129,trip
2000-01-12 06:56:39+01:00,2855092.653433973,1924037.767513452,-6.95638412942711,38.927069398194206,3.0871148296134923,trip
2000-01-12 06:56:49+01:00,2855078.579535115,1924031.9460640317,-6.956529276094853,38.92698987677469,2.755971461343253,trip
2000-01-12 06:56:59+01:00,2855068.12506284,1924027.05067866,-6.956635781226724,38.9269257737104,2.700808464050311,trip
2000-01-12 06:57:09+01:00,2855063.032168496,1924022.9107761364,-6.95668362802741,38.92687907940173,2.834446667620883,trip
2000-01-12 06:57:19+01:00,2855054.8101026397,1924016.194183705,-6.956760796658538,38.92680340388203,3.003930699493508,trip
2000-01-12 06:57:29+01:00,2855036.8194756405,1923996.054296023,-6.956917127258448,38.92658985057501,3.160342304938087,stop
2000-01-12 06:57:39+01:00,2855023.1969993,1923984.280446373,-6.957043495597358,38.926458779785285,3.166230017334948,stop
2000-01-12 06:57:49+01:00,2855015.048379174,1923982.890587485,-6.957132088731426,38.92643019155816,3.2288869414709094,stop
2000-01-12 06:57:59+01:00,2855009.6774879023,1923980.5256660392,-6.957187149247543,38.926398581034746,3.16813570464598,stop
2000-01-12 06:58:09+01:00,2855010.926858487,1923979.3663969168,-6.957170409157951,38.92639087069739,3.0465399662100827,stop
2000-01-12 06:58:19+01:00,2855027.770074489,1923972.7827418817,-6.956965535249302,38.926366629915925,3.0361271941075074,stop
2000-01-12 06:58:26+01:00,2855027.3115698663,1923979.053823209,-6.956985124755064,38.92642097260582,2.9401218603113555,stop
2000-01-12 06:58:29+01:00,2855025.5603827946,1923973.447494104,-6.956991955346888,38.92636805677271,2.846094194558708,stop
2000-01-12 06:58:39+01:00,2855029.370263052,1923982.563881972,-6.956970008426643,38.926456032289394,2.9258003095638063,stop
2000-01-12 06:58:49+01:00,2855035.5499109123,1923993.866075413,-6.9569263949636655,38.92656802165793,2.975853993313571,stop
2000-01-12 06:58:59+01:00,2855037.3278164524,1924004.0481795769,-6.956929788556438,38.92666131376813,2.9749877028525407,stop
2000-01-12 06:59:09+01:00,2855030.4534112504,1924015.900760126,-6.957034489020216,38.92675197600164,3.2013919289991364,stop
2000-01-12 06:59:19+01:00,2855030.6785906088,1924021.3685821383,-6.957044529687727,38.92680061115003,3.055778811408875,stop
2000-01-12 06:59:29+01:00,2855026.146379981,1924023.7316913733,-6.95710101872192,38.92681234688236,2.895599278023829,stop
2000-01-12 06:59:39+01:00,2855029.9427545024,1924027.2977601965,-6.957066457022419,38.92685138472839,2.842897032085044,stop
2000-01-12 06:59:49+01:00,2855031.164467135,1924026.1588794007,-6.957050075275348,38.92684379858189,2.605662173713857,stop
2000-01-12 06:59:59+01:00,2855025.9124332573,1924034.1571682708,-6.957127635113323,38.92690374920275,2.580071890503912,stop
2000-01-12 07:00:09+01:00,2855029.949588912,1924044.5119362827,-6.957105976755634,38.92700309331012,2.713830534467391,stop
2000-01-12 07:00:19+01:00,2855035.9753302517,1924053.268033304,-6.957058240395082,38.92709233731604,2.6722690558080515,stop
2000-01-12 07:00:29+01:00,2855038.991053275,1924056.5260489776,-6.957031763696175,38.92712709506845,2.784748243945333,stop
2000-01-12 07:00:39+01:00,2855006.2131215483,1924073.820606708,-6.9574407766015325,38.92721376761644,2.918452831834193,trip
2000-01-12 07:00:49+01:00,2854993.5061944737,1924077.1528438155,-6.957591580409305,38.92721764993405,2.9011221479536093,trip
2000-01-12 07:00:59+01:00,2854994.2959865583,1924075.865215752,-6.957579721747173,38.927207886938746,2.9085486798958566,trip
2000-01-12 07:01:09+01:00,2854993.801957935,1924071.6176424967,-6.957575516001581,38.92716946581185,3.0474113491231423,trip
2000-01-12 07:01:19+01:00,2854987.6555584394,1924071.2971452535,-6.957644015496856,38.92715431570751,3.101207864105975,trip
2000-01-12 07:01:29+01:00,2854979.023798829,1924068.6425459676,-6.957735142313545,38.9271136129091,2.999402516875396,trip
2000-01-12 07:01:39+01:00,2854958.804237025,1924070.237753016,-6.957966576847876,38.92708712183848,2.90964449297678,trip
2000-01-12 07:01:49+01:00,2854945.474400206,1924069.0136363928,-6.958113915885565,38.92704960274773,2.994290427615198,trip
2000-01-12 07:01:59+01:00,2854931.059933309,1924068.0492976697,-6.958274070251067,38.92701219747039,3.0387736842882305,trip
2000-01-12 07:02:09+01:00,2854916.8960688207,1924065.9058918096,-6.958428689179516,38.92696490436891,2.896065406010443,trip
2000-01-12 07:02:19+01:00,2854903.23378269,1924067.573183101,-6.958586424143775,38.92695219741087,2.697681708524428,trip
2000-01-12 07:02:29+01:00,2854878.114619648,1924079.425415284,-6.958896645749788,38.92700626453924,2.5391065183848567,stop
2000-01-12 07:02:39+01:00,2854874.5653327685,1924083.3422340471,-6.958945637472582,38.927033661950006,2.3025775664836603,stop
2000-01-12 07:02:49+01:00,2854875.05902097,1924084.1670761048,-6.958941973842756,38.92704192068764,2.20249197191944,stop
2000-01-12 07:02:59+01:00,2854878.768386424,1924081.784120844,-6.958894707536855,38.92702836095435,2.054629158122104,stop
2000-01-12 07:05:39+01:00,2854886.5110433423,1924091.4221227288,-6.958829662023645,38.92712882053746,2.048317906458022,stop
2000-01-12 07:05:49+01:00,2854884.2085980526,1924100.298022571,-6.9588760170223445,38.92720241871028,2.1465695556176287,stop
2000-01-12 07:05:59+01:00,2854880.551755947,1924105.57585258,-6.958929351477347,38.92724159384662,2.3474208698720327,stop
2000-01-12 07:06:09+01:00,2854880.067797133,1924104.920071288,-6.958933294442607,38.92723484441198,2.4016058295387124,stop
2000-01-12 07:06:19+01:00,2854884.077944741,1924101.915312607,-6.958881209349419,38.92721640848408,2.3295773955191,stop
2000-01-12 07:08:39+01:00,2854823.681510928,1924110.1843345703,-6.959580572413151,38.9271681474046,1.6473244882794078,stop
2000-01-12 07:09:19+01:00,2854784.6735870936,1924112.2276959943,-6.960024680004026,38.92710791830271,1.315568924098141,stop
2000-01-12 07:09:29+01:00,2854784.636019058,1924110.417701372,-6.960020939035088,38.92709189306994,1.3719346103128114,stop
2000-01-12 07:09:39+01:00,2854783.958660338,1924111.281615498,-6.960030556726005,38.92709814743378,1.2100846961127076,stop
2000-01-12 07:09:49+01:00,2854783.390597469,1924111.576886084,-6.960037635003564,38.92709961005349,1.2059477146248998,stop
2000-01-12 07:09:59+01:00,2854785.09723664,1924111.7645639784,-6.960018842285536,38.92710468682424,1.250517674855251,stop
2000-01-12 07:10:09+01:00,2854789.170507756,1924112.3546318717,-6.959974316302311,38.927118056137886,1.2449045028469783,stop
2000-01-12 07:10:19+01:00,2854790.502885573,1924112.1318568615,-6.959958795154093,38.92711876530027,1.3258366241084127,stop
2000-01-12 07:10:59+01:00,2854794.986026592,1924112.378828024,-6.959908862814847,38.92712993322945,1.4150071828845805,stop
2000-01-12 07:11:09+01:00,2854816.720377752,1924106.7019230856,-6.959650974852686,38.927123498643326,1.3582113093689516,stop
2000-01-12 07:11:29+01:00,2854800.912497834,1924105.629015661,-6.959826575055088,38.927082339414646,1.3042398353359328,stop
2000-01-12 07:11:39+01:00,2854798.637888395,1924106.479989927,-6.959854155246217,38.92708527627023,1.217435428971942,stop
2000-01-12 07:12:09+01:00,2854797.7900238624,1924106.422283712,-6.959863573287428,38.92708306724828,1.7837757719029774,stop
2000-01-12 07:12:19+01:00,2854794.100490883,1924108.022073692,-6.95990881468559,38.92708976491891,1.6968984809069678,stop
2000-01-12 07:12:29+01:00,2854791.329209511,1924106.878610418,-6.959937401195371,38.92707413038029,1.6949858188276536,stop
2000-01-12 07:12:49+01:00,2854786.4203024283,1924107.7577912463,-6.959994720414722,38.92707203228346,1.6916284725535171,stop
2000-01-12 07:12:59+01:00,2854792.472724984,1924106.0472579016,-6.959922607391935,38.927069097887525,1.678942761300649,stop
2000-01-12 07:13:29+01:00,2854806.3577583274,1924107.7166631552,-6.959770039570335,38.927111657195375,2.283752774581488,stop
2000-01-12 07:13:49+01:00,2854813.120168342,1924099.9971135904,-6.959676104505357,38.92705719437775,2.4872743166340894,stop
2000-01-12 07:13:59+01:00,2854812.783566459,1924095.521518425,-6.959669599640431,38.92701707976616,2.4819008698312097,stop
2000-01-12 07:14:09+01:00,2854815.726101808,1924094.1370758612,-6.959633268327388,38.9270107814623,2.498146248006927,stop
2000-01-12 07:14:29+01:00,2854817.67927213,1924095.8411412565,-6.959615187127854,38.9270297152024,2.650661915865625,stop
2000-01-12 07:15:09+01:00,2854822.101771516,1924096.6292185744,-6.959567182763673,38.92704552962744,3.3111482339407905,stop
2000-01-12 07:15:39+01:00,2854826.3383074617,1924092.0129538924,-6.959508840088727,38.92701334728165,3.9641699704868647,stop
2000-01-12 07:15:49+01:00,2854828.868485683,1924091.5339489689,-6.959479236826668,38.92701420073398,3.9000126372105126,stop
2000-01-12 07:16:59+01:00,2854833.531495263,1924097.9131085745,-6.9594413858468585,38.92707976682728,5.59138451138766,stop
2000-01-12 07:17:19+01:00,2854832.361564121,1924097.999867636,-6.959454764184611,38.92707818496,5.620153201731203,stop
2000-01-12 07:17:49+01:00,2854831.774192107,1924096.381336061,-6.959457657122123,38.9270627442158,4.672637401549914,stop
2000-01-12 07:17:59+01:00,2854833.4005887667,1924099.1407453704,-6.959445684709008,38.92709032238327,4.450024478291232,stop
2000-01-12 07:18:09+01:00,2854841.105725575,1924104.889081164,-6.959372114194787,38.92715643078965,4.227637814114576,stop
2000-01-12 07:18:19+01:00,2854853.0556892515,1924102.1516707877,-6.959231205537359,38.92715627485468,3.9724665989227175,stop
2000-01-12 07:21:39+01:00,2854882.9026705013,1924109.724307884,-6.958912412943662,38.9272828654703,4.264980494094435,stop
2000-01-12 07:21:49+01:00,2854883.223883745,1924107.318359526,-6.9589032597101,38.92726230809861,4.234125693927488,stop
2000-01-12 07:21:59+01:00,2854885.843932504,1924108.0424066407,-6.958875411608621,38.92727394307828,4.115258549421335,stop
2000-01-12 07:22:09+01:00,2854887.101009792,1924108.727928588,-6.958862828190043,38.92728250509478,2.71775128354962,stop
2000-01-12 07:22:19+01:00,2854883.595147653,1924117.1626287408,-6.958921724397241,38.92734980183009,2.650465959062372,stop
2000-01-12 07:22:29+01:00,2854883.0668926653,1924119.014135636,-6.958931934396959,38.92736505814967,2.711108652941029,stop
2000-01-12 07:22:39+01:00,2854882.6321014445,1924135.2695819489,-6.958974228165318,38.92750743150611,2.888194731851269,trip
2000-01-12 07:22:59+01:00,2854880.097453539,1924150.480282036,-6.95903777284042,38.927636387011766,3.304788490320378,trip
2000-01-12 07:23:09+01:00,2854874.5137875383,1924159.9454708768,-6.959122446068398,38.92770859725329,3.363710249217918,trip
2000-01-12 07:23:19+01:00,2854866.663524868,1924167.2094762973,-6.959227587957473,38.92775686447995,3.277056507244973,trip
2000-01-12 07:23:29+01:00,2854854.893797159,1924170.324369164,-6.959367336032696,38.92776070826836,3.2405979988092306,trip
2000-01-12 07:23:39+01:00,2854853.1137523474,1924171.1345464129,-6.959389251524625,38.92776427762635,3.302240984501463,trip
2000-01-12 07:23:49+01:00,2854846.9986193487,1924172.0643230544,-6.959460275457737,38.92776020649592,3.288209160638851,trip
2000-01-12 07:23:59+01:00,2854828.6117131924,1924177.2033039264,-6.959679220487479,38.92776861494461,3.370663830105814,trip
2000-01-12 07:24:09+01:00,2854817.772905464,1924170.419902868,-6.959785709616119,38.92768710023926,3.424159763363281,trip
2000-01-12 07:24:19+01:00,2854807.274494022,1924169.6575903464,-6.959902216558948,38.927659326649696,3.4255511407108585,trip
2000-01-12 07:24:29+01:00,2854802.746283796,1924160.7789954275,-6.959932798484124,38.92757200547788,3.1987553870203413,trip
2000-01-12 07:24:39+01:00,2854800.044059227,1924158.95101328,-6.959959032427038,38.92755047737892,3.221547693167832,trip
2000-01-12 07:24:49+01:00,2854791.234298153,1924168.1415429527,-6.960079415412265,38.92761379598552,3.2023478024100647,trip
2000-01-12 07:24:59+01:00,2854769.873477664,1924181.793050847,-6.96035144507893,38.92769125151377,3.0076132476116806,trip
2000-01-12 07:25:09+01:00,2854754.4617060474,1924190.8960989912,-6.960545996691574,38.92774055693556,2.91475626097092,trip
2000-01-12 07:25:19+01:00,2854747.052267512,1924192.1142395304,-6.960632263906601,38.92773643000746,2.747316710814442,trip
2000-01-12 07:25:39+01:00,2854738.627753021,1924191.4336836284,-6.960725597083335,38.92771353554198,2.4696298420661327,trip
2000-01-12 07:25:59+01:00,2854730.9836822874,1924184.113054799,-6.9607948614234445,38.9276336934647,2.122097616249412,trip
2000-01-12 07:26:09+01:00,2854722.0136937406,1924176.213423985,-6.960877729379298,38.92754608965185,1.719341950175385,stop
2000-01-12 07:26:19+01:00,2854712.4622423905,1924172.291082688,-6.960976298006714,38.9274923676964,1.4139520092299578,stop
2000-01-12 07:26:29+01:00,2854714.965255737,1924164.197809864,-6.960929481686251,38.92742606955013,1.392057897827225,stop
2000-01-12 07:26:39+01:00,2854715.0698660584,1924157.442858015,-6.96091276160768,38.92736675415394,1.2366492282244497,stop
2000-01-12 07:26:49+01:00,2854711.570855002,1924157.1915327928,-6.960951598174821,38.92735752126644,1.0461868843396134,stop
2000-01-12 07:27:09+01:00,2854709.448610318,1924156.778940904,-6.960974555031871,38.92734962874332,1.0966596367406298,stop
2000-01-12 07:27:59+01:00,2854702.687634148,1924160.6017798367,-6.961059509991966,38.92736975493638,1.347843819824461,stop
2000-01-12 07:28:19+01:00,2854699.490904021,1924166.465569013,-6.961109011190718,38.92741501518391,1.415041178023525,stop
2000-01-12 07:28:29+01:00,2854701.963497575,1924168.679972032,-6.961086253422016,38.92743948816829,1.43248437431571,stop
2000-01-12 07:28:39+01:00,2854703.5065631424,1924172.846206813,-6.961078457166958,38.92747929641815,1.4609740901337045,stop
2000-01-12 07:28:59+01:00,2854702.9978503585,1924167.61959562,-6.9610721621634974,38.92743221873023,1.407685977577385,stop
2000-01-12 07:29:09+01:00,2854702.5737858983,1924163.7126112496,-6.96106794985231,38.92739693948457,1.538377103138216,stop
2000-01-12 07:29:19+01:00,2854697.0954090008,1924165.9907581157,-6.961134902940401,38.92740602626239,1.9863818861859248,stop
2000-01-12 07:29:29+01:00,2854696.5388237056,1924161.7063476555,-6.961131315002115,38.927367155302086,1.9462405066484387,stop
2000-01-12 07:29:49+01:00,2854697.0989643005,1924167.446061945,-6.961138211275762,38.92741885764708,1.8453815085509,stop
2000-01-12 07:29:59+01:00,2854699.088396594,1924171.4904667283,-6.961125106614346,38.92745848764159,1.80451238973975,stop
2000-01-12 07:30:29+01:00,2854706.466436417,1924172.891811103,-6.961045220380696,38.92748563513862,1.6151293033119962,stop
2000-01-12 07:30:49+01:00,2854712.503078542,1924179.121687188,-6.960991553865136,38.92755264145815,1.5284645429110235,stop
2000-01-12 07:31:19+01:00,2854714.4525929573,1924169.1807053564,-6.9609467212090985,38.92746895096951,0.1604726133203055,stop
2000-01-12 07:31:29+01:00,2854707.1891327696,1924178.286274921,-6.961049491139137,38.92753462116021,0.1490972228796258,stop
2000-01-12 07:31:39+01:00,2854711.0164252724,1924172.2790835467,-6.960992556918329,38.92748936198237,0.1567741947050535,stop
2000-01-12 07:31:49+01:00,2854715.925325218,1924171.2253197185,-6.960934835736535,38.92748992223928,0.1473437132157647,stop
2000-01-12 07:31:59+01:00,2854716.830949205,1924172.3157322896,-6.960927143075547,38.927501347515225,0.1476121273091495,stop
2000-01-12 07:32:09+01:00,2854715.912582713,1924165.981397409,-6.96092291411154,38.92744368678994,0.1444437948070386,stop
2000-01-12 07:32:19+01:00,2854716.5635320283,1924165.7694257104,-6.960915093744728,38.92744312452659,0.140812065013376,stop
2000-01-12 07:32:29+01:00,2854715.176836999,1924169.387062732,-6.960939037692966,38.92747222207158,0.1374485875728213,stop
2000-01-12 07:32:39+01:00,2854716.8284417866,1924170.1797761528,-6.960922256931952,38.92748252025859,0.1477278688548146,stop
2000-01-12 07:32:59+01:00,2854714.825963477,1924171.6487566435,-6.960948193824105,38.92749144854004,0.1451792425030145,stop
2000-01-12 07:33:09+01:00,2854713.2786494927,1924174.3346770843,-6.960971803422214,38.92751201354489,0.1410766195093424,stop
2000-01-12 07:33:29+01:00,2854711.045188001,1924179.0544565965,-6.961007821715764,38.92754912482052,0.1404420857723499,stop
2000-01-12 07:33:49+01:00,2854716.888297811,1924179.6316532132,-6.9609433295014345,38.92756593105504,0.1350270540310489,stop
2000-01-12 07:33:59+01:00,2854718.2758718343,1924179.5773031788,-6.960927573998752,38.92756823526484,0.132188420720017,stop
2000-01-12 07:34:09+01:00,2854719.5867019943,1924178.9164215976,-6.960911287479355,38.92756504073487,0.1372709543115489,stop
2000-01-12 07:34:49+01:00,2854721.763762992,1924174.2845471613,-6.960876106810734,38.92752859092288,0.1406260128651634,stop
2000-01-12 07:34:59+01:00,2854720.367968231,1924166.5377631236,-6.960874006173698,38.92745752596558,0.138357382481112,stop
2000-01-12 07:35:09+01:00,2854712.182665908,1924171.5346881128,-6.960977707006677,38.92748514151828,1.0570921831290576,stop
2000-01-12 07:35:39+01:00,2854718.6128437994,1924169.151110052,-6.960899789654084,38.92747703464931,1.7714800182593735,stop
2000-01-12 07:35:49+01:00,2854722.5118778828,1924167.4485997767,-6.960851951576025,38.92746985249659,1.8406555484845293,stop
2000-01-12 07:36:09+01:00,2854724.512930182,1924165.0832759133,-6.96082396848615,38.92745302267031,2.073351305881362,stop
2000-01-12 07:36:19+01:00,2854726.533437065,1924164.0884585548,-6.960798919485581,38.92744830888193,2.100788062638585,stop
2000-01-12 07:36:29+01:00,2854729.4998510107,1924166.409814349,-6.960770844992242,38.92747471475168,2.210519439052512,stop
2000-01-12 07:36:39+01:00,2854726.89393354,1924168.175070315,-6.960804261010254,38.92748504353424,2.326248612903846,stop
2000-01-12 07:36:59+01:00,2854723.8655853574,1924174.4812964625,-6.960852883327489,38.92753454043783,2.4814001473185927,stop
2000-01-12 07:37:19+01:00,2854722.559004645,1924173.0531059413,-6.960864315460688,38.927519334417816,2.4893786418476016,stop
2000-01-12 07:37:29+01:00,2854716.266243046,1924176.0408476177,-6.960942074977577,38.92753304087897,2.980747954462757,stop
2000-01-12 07:37:39+01:00,2854712.5626826705,1924169.7501099715,-6.960969320327628,38.92747017789174,3.2979729799116857,trip
2000-01-12 07:37:49+01:00,2854710.626338017,1924168.442406349,-6.960988123663804,38.92745477043723,3.515463354447841,trip
2000-01-12 07:38:09+01:00,2854709.765038208,1924157.7624747253,-6.96097325351619,38.92735893040831,3.72985802114846,trip
2000-01-12 07:38:19+01:00,2854704.0276992368,1924140.253570372,-6.960997597776751,38.927193132659625,4.069311762791309,trip
2000-01-12 07:38:29+01:00,2854700.8605693923,1924126.690228849,-6.9610020677220215,38.92706725877411,4.065681615273365,trip
2000-01-12 07:38:39+01:00,2854703.3241868,1924115.999167189,-6.960949718640791,38.92697798962433,4.349939421218518,trip
2000-01-12 07:38:49+01:00,2854699.5693269344,1924104.00333342,-6.96096441566962,38.92686474987886,4.376495649906095,trip
2000-01-12 07:38:59+01:00,2854698.994706779,1924088.581000396,-6.960935405507214,38.92672769429339,4.450210447309773,trip
2000-01-12 07:39:09+01:00,2854699.022082312,1924074.2851569948,-6.960902206135224,38.92660177286303,4.285348379096158,trip
2000-01-12 07:39:19+01:00,2854699.0268869344,1924062.3267047787,-6.960874638873502,38.926496403447416,4.186173343035154,trip
2000-01-12 07:39:29+01:00,2854705.1971047,1924041.4645922887,-6.960757137391672,38.92632494027184,3.8509741344259982,trip
2000-01-12 07:39:39+01:00,2854708.7347727483,1924027.2786303023,-6.960684650280275,38.92620702768305,3.504325984794453,stop
2000-01-12 07:39:49+01:00,2854708.733356607,1924027.6042703069,-6.960685415425345,38.92620989441762,3.442298013073,stop
2000-01-12 07:40:09+01:00,2854707.03772904,1924027.8033087188,-6.960704973532387,38.92620824739435,3.108165575920216,stop
2000-01-12 07:40:19+01:00,2854706.113323499,1924026.0072975152,-6.960711254330633,38.92619056664081,2.574788335233558,stop
2000-01-12 07:40:29+01:00,2854703.077156987,1924023.296234415,-6.960739217532177,38.92616058672059,3.0860941146457925,stop
2000-01-12 07:40:39+01:00,2854701.390281555,1924022.7241748536,-6.960756902983046,38.92615216224362,2.904843314217808,stop
2000-01-12 07:41:39+01:00,2854707.5650519687,1924018.7918841464,-6.960678301191739,38.926129895409815,3.869623695916,stop
2000-01-12 07:41:49+01:00,2854711.9426490217,1924024.784384295,-6.960642777113836,38.926191482237286,4.13166061445786,stop
2000-01-12 07:41:59+01:00,2854699.723788444,1923899.5143537868,-6.960492214174364,38.92506308029872,4.519658334441166,trip
2000-01-12 07:42:09+01:00,2854724.036365332,1923908.9088878727,-6.960239965109626,38.92519462957238,4.526168112551783,trip
2000-01-12 07:42:19+01:00,2854745.5242843903,1923913.3195240689,-6.96000806715615,38.92527659413263,4.608706820420347,trip
2000-01-12 07:42:29+01:00,2854756.1939758896,1923910.7248362289,-6.959881912072477,38.92527512891146,4.3336893466678506,trip
2000-01-12 07:42:39+01:00,2854781.940981034,1923897.042137648,-6.959560414784556,38.925206193418255,4.272275811476482,trip
